date,gender,height,weight,rating,review_text
25.11.24.,,,,5,배송도 빠르고 좋아요
25.11.22.,남성,168cm,76kg,5,배송 빠르고 제품 좋네요
25.11.18.,,,,5,남편이 만족해합니다
25.11.18.,남성,171cm,80kg,5,부드럽고 브레이크는 짱짱합니다.
25.11.17.,,,,5,색도예쁘고 좋네요.
25.11.17.,여성,173cm,68kg,5,"미니벨로는 처음이고
아직 밖에 나가보진 않았는데 
잘 나갈것 같습니다.
출퇴근용으로 산건데 잘산것 같아요.
한달 타보고 다시 리뷰 남길께요~~"
25.11.16.,여성,163cm,40kg,5,너무 좋았어요 빨리 와서
25.11.15.,여성,160cm,64kg,5,여자가 들기에도 가볍고 좋아요
25.11.13.,,,,5,완조립으로 해서 편하게 잘 타고 있러요 추천
25.11.11.,,,,5,역시 예상했던만큼 디자인 이쁘고 운행할 때 부드럽게 잘 갑니다.
25.11.11.,남성,171cm,62kg,5,운동용으로 구매했는데 정말 좋습니다
25.11.08.,여성,155cm,47kg,5,배송도 빠르고 예쁘네요 접이식이라 보관하기도 좋아요
25.11.07.,,,,5,"너무 잘타고다니고있어요
추워지기전에 더 많이 타야겠어요"
25.11.07.,여성,160cm,58kg,5,조립이 다 되어있어서 편햇어요 감사합니다
25.11.06.,,,,5,잘 굴러가고 아직까진 좋아용 ㅎㅎ
25.11.06.,남성,168cm,67kg,2,"첫날부터 펑크가 났는데,  결국 무상교체해주시긴 했지만 대처가 아쉬웠습니다."
25.11.05.,여성,163cm,65kg,5,배송빠르고좋습니다 잘받았습니다 감사합니다
25.11.05.,남성,168cm,68kg,5,라이부터 어른까지 잘맞음
25.11.04.,,173cm,76kg,5,"선택안함
타보니 잘나가고 좋네요"
25.11.04.,남성,182cm,80kg,5,접으면 작고 휴대하기 좋아요
25.11.02.,,,,5,너무 너무 마음에 들어요
25.11.01.,,,,5,딱 적당한 가격 좋은 품질
25.11.01.,,,,4,"가성비 좋기
타기 좋아요~"
25.10.31.,남성,135cm,72kg,5,"자전거가 너무 이뻐요
완조립으로 사니 정신건강에 좋아요"
25.10.30.,,,,4,배송 품질 만족합니다
25.10.29.,,165cm,65kg,5,"선택안함
남편이 사달라고해서 샀어요"
25.10.29.,남성,,,5,와이프랑 너무 잘타고 있어서 너무 좋아요!!
25.10.28.,,,,4,"스트림 P8과 플라이트 P8 plus 하고 완조립 시 1만5천원정도 차이나는데 부품차이가 꽤 많이 차이가 나는 것 같아요. 기존에 상위모델을 가지고 있어서 색깔때문에 스트림모델을 결정했는데, 바디와 일부 부품이 차이가 나는게 금액 설정이 좀 잘못 된듯해요. 그래도 생활 자전거로는 만족합니다."
25.10.28.,,158cm,55kg,3,"선택안함
자동차에 실고 다닐려고 샀어요."
25.10.28.,,,,4,무난하게 타기 좋아요. 조립을 신청했는데 브레이크가 이상해서 근처 샵에가서 다시 셋팅했어요~
25.10.27.,,,,5,"색상도 이쁘고 자전거는 괜찮은거 같아요...

근데 옵션으로 구매한 짐받이랑 바구니는 그냥 그래요.."
25.10.27.,남성,187cm,75kg,5,"딸아이가 타기 딱좋아요
141키도 탈수이있어요"
25.10.27.,남성,170cm,72kg,4,아버지 드릴려고 심사숙고 하다 구매 했습니다. 색상도 이쁘고 잘나간다고 합니다
25.10.27.,,,,3,보통입니다 나쁘지도 좋지도 무난히
25.10.25.,,,,5,"제품 좋은데 배송이 조금 아쉬웠어요.
제품은 두번째 구입이에요
  아주좋습니다"
25.10.25.,,,,4,아내 선물로 사줬는데 디자인 예쁘고 생각보다 승착감도 편하다고 좋아합니다.
25.10.25.,,,,5,구름성 좋고 말그대로 가성비 갑
25.10.22.,여성,158cm,43kg,4,딸아이가 좋다고 하네요
25.10.21.,,,,5,반조립으로 선택했지만 거의 바로 탈 수 있는 정도로 왓어요 굿굿
25.10.21.,남성,163cm,52kg,5,만족합니다.  좋아요
25.10.19.,,,,4,"출퇴근용으로샀습니만 마트 다닐때 더 잘사용하고있네요ㅋ

 일주일 탄 결과:
완조립으로 구매했는데 조립상태 안좋았습니다. 브레이크쪽 나사가 손으로 돌려도 술술 풀리더라구요. 반조립으로 사서 근처 매장서 조립하길 권합니다"
25.10.19.,남성,184cm,90kg,5,"배송 빠르고 가격도 좋네요, 다만 설명이 좀 부실하고 다 같이 오는데 굳이 따로 배송비를 받는거만 좀 별로네요"
25.10.19.,여성,153cm,48kg,5,날씨가 선선해져서 타고 달리면서 스트레스 해소합니다 타자전거에 비해 부드럽게 주행되고 딱히 완조립과 차이 모르겠어요
25.10.18.,남성,177cm,70kg,5,너무 귀엽고 깜찍해서 와이프가 자전거에서 엉덩이가 안떨어집니다
25.10.18.,,,,5,잘 접어서 집에 보관 가능한게 좋아요
25.10.17.,,156cm,,5,상품 만족합니다. 배송도 괜찮고 반조립도 어렵지 않았어요!
25.10.17.,,,,5,좋은 상품 감사합니다
25.10.16.,,,,5,잘접히고 조아용 ㅎㅎ
25.10.15.,,,,4,귀여운데 좀 흔들거리긴 합니다.
25.10.15.,,,,5,"빠른배송 
7단에서 6단으로는 잘 안가네요 점검받아야 될듯"
25.10.15.,,,,5,좋습니다 좋습니다 좋습니다
25.10.14.,여성,170cm,65kg,3,"스트림 P7 2번째 구매 배송도 빠르고 색상 레이싱그린 이쁘네요 ㅎㅎ 
구매하실분들은 제가 한번 심하게 격어본 결과 의미없는 완조립이라 반조립으로 주문하시고 근처매장가셔서 기어 , 브레이크 셋팅하시고 림테잎 ,튜브 교체하셔서 타시기 바랍니다."
25.10.14.,여성,160cm,52kg,5,디자인 승차감 견고함 다 좋아요. 국내 서비스도 잘 되길 바랍니다.
25.10.14.,,,,3,"바퀴는 멈춰있지만, 마음은 달리고 있어요... 아직 주행 전이랍니다ㅠ"
25.10.13.,남성,171cm,80kg,5,자동차 트렁크에 쏙 들어가요
25.10.12.,,171cm,81kg,5,가성비 좋아요^^ 타기도 편해요
25.10.12.,,,,5,저렴하니 타고다니기 좋습니다.
25.10.12.,,,,5,새로 산 자전거라 잘 나가고 좋아요 아무래도 바퀴가 작아서 늘 가던 거리도 시간이 좀 더 걸리긴 하네요
25.10.10.,여성,158cm,,5,자전거 보는사람들 전부 다 자전거 이쁘다고 해요
25.10.10.,,,,5,퀄리티 좋고 승차감 좋고 좋네요
25.10.08.,여성,150cm,41kg,5,사길 잘했어요 제품 정말 만족합니다.
25.10.07.,,,,5,"합리적인 가격이라 품질에 대한 의문이 있었습니다.
기우에 불과했네요. 진짜 취미용으로 집앞 커피숍 가는용도로 딱 알맞습니다. 가벼워서 부담도 없고 좋습니다."
25.10.06.,,,,5,"가격대비 너무 좋아요!!
디자인은 말할것도 없고~"
25.10.06.,,161cm,50kg,5,"어릴때 타보고 오랜만이어서 살짝 겁나가도 했는데 막상 차보니 괜찮았어요.
자전거 디자인도 예쁘고 잘나갑니다."
25.10.05.,,,,5,자전거 예쁘고 마음에 들어요. 배송 엄청 빠르게 해주셔서 감사합니다:)
25.10.05.,여성,160cm,53kg,5,한달동안 출퇴근시 타봤는데 너무 좋아요. 바퀴가 작아서 엘베탈때 눈치가 덜보이네요ㅋ
25.10.05.,,,,5,베이지 블랙 샀는데 완조립 편하고ㅠ좋아여
25.10.05.,남성,169cm,64kg,5,두번째 구매중입니다. 잘쓰겠습니다.
25.10.02.,,173cm,76kg,5,"선택안함
빠른 배송 감사합니다."
25.10.02.,,,,3,"더워서 아직 원하는 만큼 타보지 못했는데 접을 수 있다는 것, 가격 면에서 만족."
25.09.30.,,,,5,너무 좋아요 최고에요 최고
25.09.30.,남성,171cm,62kg,5,디자인 외관 실용성 최고입니다
25.09.29.,,,,5,배송이 매우 빠르네요. 아직 타보진 않았지만 이쁘네요. 로드가 있는데 10여년전 티티카카 구매했던 기억이 좋아 다른 브랜드 고민없이 마실용으로 구매하였습니다. 스크레치 걱정했는데 프레임 매우 깨끗합니다.
25.09.29.,남성,168cm,68kg,5,아이 첫 자전거로 딱 좋은 미니벨로
25.09.28.,,,,4,가격대비 좋아요  타이어폭이 넗어서 안전해요
25.09.27.,여성,,,5,성인 여성인데 데일리로 타기 너무 좋네요!! 승차감 좋고 무엇보다 제가 알아본 비슷한 가격대 접이식 자전거 중 가벼운 편이라 더 편해요. 색상도 이벤트가로 구매했는데 예뻐서 더욱 만족합니다!!
25.09.27.,여성,157cm,39kg,5,"색도 예쁘구 잘산듯합니다
질문에 답변도 금방해주셔서 
잘 안됐던 것도 금방 해결됐어요"
25.09.26.,남성,168cm,,5,조아모 감사합니다 두고사버ㅡ둔소좇 궅
25.09.25.,,,,5,미루고 미루다 씁니다. 자전거 잘 쓰고 있습니다
25.09.25.,,,,5,너무좋아여 최고최고
25.09.25.,,,,4,"조립으로 주문했는데
브레이크가 잘 안맞아서 샵에서 다시 셋팅했어요"
25.09.24.,남성,,,5,"신랑이랑 함께자전거 타려구 구매했어요~
디자인. 색상 모두맘에들어요
접이식이라 차량에 싣고다니기 편하네요!!"
25.09.24.,,,,5,"배송 엄청 빠름!!!
비가와서 아직 못타봤지만 색상 디자인 모두 맘에드네요!"
25.09.23.,남성,187cm,75kg,5,"딸아이용으로 샀고 솔직히 고민이많았어요
하지만 140키의 운동신경제로인 딸도 정말만족하고
타고있어요
정신건강에 좋으려면 반조립도다는 
완조립으로 추천 브레이크 때문에 조금 고생했네요
탁월한 선택 후회하지 않네요
제꺼도 구매예정"
25.09.23.,남성,168cm,75kg,4,배송도 빠르고  물건도 크기도  마음에 듭니다  앞으로 타보면   알겠죠  바퀴 크기도 적당합니다 출퇴근용으로 도움이 많이 될거 같아요
25.09.23.,남성,169cm,64kg,5,동네 마실용으로 샀는데 살짝 무거운거 빼고는 아주 만족하면서 잘 타고 있습니다. 7단기어라 생각보다 치고나가는 속도가 아쉽긴 하지만 만족합니다. 많이파세요.
25.09.22.,,,,5,아이도 잘타고 좋아하네요ㅎ
25.09.21.,,,,5,배송도 빠르고 제품도 좋아요
25.09.21.,남성,172cm,70kg,5,"접었을 때 부피가 작아서 넘 좋아요
무게도 가벼운 편이고 접이식 치고는 속도도 준수합니다."
25.09.19.,,175cm,60kg,5,"늦게받았지만 자전거는 맘에들어요♡
  바퀴가 작다보니 아무래도 발을 많이굴려야하는건 있고 언덕도 여자인저에겐 쉽지않지만 
디자인도좋고 평지에서 너무잘굴러가고.산책마실용으로딱입니다."
25.09.19.,여성,161cm,55kg,4,도보 20분 출퇴근을 자전거로 하려구 지인 추천으로 구매했어요 아직 타보지는 않고 인증샷 먼저 올려요~ 낼 집앞 공원에서 타바야겠어요 디자인은 모 괜찮네요👍
25.09.19.,,,,5,색상 이쁘고 좋아요 미니벨로가 좋아서 티티카카만 3대째에요
25.09.19.,,,,4,딸아이 사줬는데 맘에 든다고 하네요
25.09.19.,,,,5,자출하는데 개꿀입니다 잘 나가네요
25.09.19.,남성,175cm,72kg,5,자전거는 최고에요. 타기편하고 굿에요
25.09.19.,남성,163cm,52kg,5,만족합니다.  좋아요
25.09.18.,남성,169cm,76kg,5,배송이 빨라요 조립이 어렵지 않아요
25.09.17.,여성,160cm,53kg,5,타보니 너무 괜찮아서 추가 구매했어요.
25.09.17.,,,,5,쭉쭉 잘 나가고 좋아요. 디자인도 예뻐요. 만족합니다👍
25.09.17.,남성,177cm,70kg,5,가성비 최고 색감 최고 주행감 좋고 나이스
25.09.17.,,,,5,"잘 받았습니다
감사해요"
25.09.17.,,180cm,68kg,5,"잘 받았습니다
감사해요"
25.09.16.,남성,175cm,72kg,4,"자전거는 좋은데, 녹자국이 나사 한곳에서 발견되었으나 포장을 다 뜯어서 그냥탑니다. 자전거는 괜찮아요"
25.09.16.,,,,5,저렴한 느낌 없고 잘 만들어져서 오래 탈 수 있을 것 같네요
25.09.16.,남성,175cm,72kg,5,가성비 좋아요 편하게 타기좋아요
25.09.15.,,,,5,가격대비 만족도가 높아요 접는것두 편리하고 자전거로써 갖출건 다갖췄어요 잘나가고 높이조절도 그렇고 여러모로 편리하고 컴팩트합니다
25.09.14.,여성,163cm,50kg,5,사이즈 색상 친절한 응대까지 최고입니다
25.09.13.,,,,5,"튼튼하고 안정적이면서 승차감이 좋고 가성비가 좋아서, 입문용 미니벨로로 최고입니다~!"
25.09.13.,,171cm,81kg,5,가성비 짱... 스타일 좋구요 좋아요 ~
25.09.13.,,,,5,자전거가 예쁘고 가성비있네요!
25.09.11.,,,,5,"초등학교 5학년 남자아이용으로 샀는데 어른인 제가 시험삼아 타도 잘나가네요
안장높이만 조절해가면서 계속 잘탈거같네요"
25.09.11.,남성,175cm,79kg,5,튼튼하고 잘 나가고 잘섭니다
25.09.10.,,,,5,중학생 아이용으로 구매했는데요. 가볍고 접이식부분이 견고해서 좋습니다.
25.09.09.,여성,154cm,54kg,5,반조립으로 주문했는데 특별히 조정할 건 없었고 타이어에 공기만 주입하면 됐어요. 색깔도 이쁘고 만족합니다.
25.09.09.,남성,165cm,64kg,5,"필요한 자전거였는데 잘 산것 같습니다..
활개치고 다녀보겠습니다..아자!!"
25.09.09.,남성,171cm,60kg,5,가격대비 훌륭합니다.
25.09.09.,남성,170cm,71kg,5,"생가 보다 자전거 잘 나갑니다!
동네 뿐만 아니라,한강 에서도 현재까지는 크게 무리없이 잘 타고 있습니다!가성비  좋은것 같아요"
25.09.09.,,,,5,어머니가 안전하게 타고계십미다 추천
25.09.08.,남성,177cm,73kg,5,가성비 좋고 편하게 잘타고 있어오ㅡ
25.09.07.,남성,170cm,72kg,5,반조립인데 딱히 조립할게 없고 디자인이 이쁩니다~ 잘타겠습니댱
25.09.07.,,,,5,반조립사도 충분한듯 ㅎㅎ 굿굿 넘조아여 귀여워요
25.09.07.,,,,5,"같이 주문했던 워커 d7에 비하면 완벽합니다.
워커는...하..."
25.09.06.,남성,178cm,82kg,5,클래식 라이트 조립이 약간 힘들었지만 전체적으로 만족합니다.
25.09.06.,,,,5,"자전거를 어려서 타보고 중년이 된 지금타려니 조금 걱정도 되지만 운동으로 천천히 타보려해요.
디자인 이쁘고 가벼워서 타기좋아요."
25.09.06.,,,,5,만족합니다 출퇴근 짱
25.09.06.,여성,,,4,리뷰 달아요. 감사합니다.
25.09.06.,,,,5,가볍고 접으면 차에도 실을수잇어서좋아요.
25.09.05.,,,,5,승차감이 편하고 디자인이 마음에 들어요
25.09.05.,,,,5,예쁘고 튼튼해보입니다
25.09.04.,여성,153cm,48kg,5,타이어때문인지 기존것보다 안정감이있어 좋아요 여자혼자 들기도 버겁지않고요
25.09.04.,남성,172cm,69kg,5,"저도 타고 와이프도 타고
5학년 딸아이도 같이 타고 있어요
좋습니다~! 가족 누구라도 탈 수 있어요!!"
25.09.04.,,,,5,아들이 타기에는 조금 큰 듯 합니다 초3입니다
25.09.03.,남성,,,5,"반조립이라고 했는데 완조립하고 같아요. 부품을 개별로 조립할껀 없고 포장 풀고 제품보호재 제거후 조립만 하면 끝나요.

아쉬운점은
1.높이조절 핸들바가 조금 흔들려요
2.안장은 어느 자전거하고 다름없이 튜닝을 해야 엉덩이가 안 아프고 편하게 탈수 있어요."
25.09.03.,여성,170cm,54kg,5,"진짜 좋아요
1-2시간 타는데 아무문제 없어요
편하고 접이식이라 보관도 굿"
25.09.03.,,,,5,어머니 사드렸는데 좋아하시네요~~
25.09.02.,여성,162cm,52kg,5,잘 접어지고 튼튼합니다 승차감은 사람들 마다 다르겠지만 대체로 만족 하고요 공간 많이 안차지해서 집안에 나두고 있어요
25.09.02.,,,,5,배송도 빠루고 가볍고 너무 잘 타고 다니고 있어요
25.09.02.,,,,5,3학년아이 약간큰듯하지만 지금부터 오래 잘탈서같아요
25.09.01.,남성,175cm,67kg,5,만족합니다. 잘탈게요
25.09.01.,,,,5,"잘타고있습니다
고맙습니다"
25.08.31.,,,,5,가성비 짱입니다 추천합니다
25.08.30.,,,,5,기존에 이용하던 자전거입니다
25.08.29.,,,,5,좋아요 만족합니다 잘탈게요
25.08.28.,,,,5,일반 로드자전거 차에 싣기가 불편해서 아이 써보라고 접이식으로 한번뽑아봤는데 싼만큼 약간의 소음도 좀있고한대 가성비로는 괜찮은거같네요
25.08.28.,,,,5,생각처럼 너무 이쁘네요
25.08.27.,남성,170cm,68kg,4,출퇴근용 및 기차적재 용이성만 딱 2가지만 보고 고민하고 선택한 물건 입니다. 확실히 무게 자체가 적당하여 계단에 들고 올라가는데 큰무리가 없네요. 폴딩시에도 견고함에 느껴져서 기차 적재에도 용이할듯 합니다.
25.08.26.,,,,4,"일단 가볍고 이쁘네요~
포장이 꼼꼼이 왔어요
가격대비 좋은것 같아요~"
25.08.26.,,,,5,조아요 가격대비 괞찮아요
25.08.26.,,,,5,잘나가고 애들이 좋아해요
25.08.26.,,,,5,이쁘고 잘나갑니다 좀무겁긴해요
25.08.26.,남성,,,5,"아주맘에들어요  색상부터 다
와이프도 좋아해요"
25.08.25.,,,,5,"디자인 예쁘고 튼튼하고 주행감 좋습니다
여자들을 위한 자전 거 같아요"
25.08.24.,,,,5,"접이식이라 차에 싣기도 편하고 좋네요
반조립으로 주문해서  브레이크와 손잡이각도조절,핸들정렬 정도 조금 손본거 빼곤 할게없네요 오늘 주행해보니 기어변속도 잘되고 너무 좋네요"
25.08.24.,,,,5,"접이식이라 차에 싣기도 편하고 좋네요
반조립으로 주문해서  브레이크와 손잡이각도조절,핸들정렬 정도 조금 손본거 빼곤 할게없네요 오늘 주행해보니 기어변속도 잘되고 너무 좋네요"
25.08.23.,여성,159cm,58kg,4,"미니벨로를 구입했었는데 하나 더 주문한겁니다
기존꺼보다 약간 더 가벼워서 몋개의 계단도 옮길수 있어요"
25.08.22.,남성,163cm,52kg,5,만족합니다.  좋아요
25.08.20.,,,,5,자전거타기 무서워하는 아내 사줬더니 너무 편하다고 하네요. 바퀴가 두꺼워 핸들링도 안정감있고 …덕분이 한강 나갔다 왔네요
25.08.20.,여성,145cm,32kg,4,예뻐요.배송빠르고 좋아요 ㅎ
25.08.20.,남성,167cm,60kg,5,"좋아요 자전거 사이즈랑 딱이네여 
운동 잘 되겠내요>^^"
25.08.20.,여성,155cm,55kg,5,베이지 컬러감이 즇아요~~ 출퇴근용으로 잘쓸게요!
25.08.19.,여성,136cm,29kg,5,"어린이 자전거에서 업그레드해주었습니다 ㅋㅋ
아이가 좋아했으면 좋겠어요
서프라이즈로 놀래켜 주려 합니다"
25.08.19.,남성,163cm,52kg,5,만족합니다.  좋아요
25.08.18.,남성,170cm,66kg,4,빠르게 배송되었으며...반조립품으로 싸게 구입했습니다
25.08.17.,여성,166cm,60kg,5,"배송이 아주 빠르고 조립도 쉬웠어요
자전거도 아주 예쁘고 무게도 생각보다 가볍습니다.
조심히 즐겁게 라이딩하겠습니다."
25.08.17.,남성,180cm,83kg,5,"자건거 생활 3년차 로드 .mtb 애용중이며 근거리 이동차 구매하였습니다 
이가격  이 디자인에 이만한 물건 없습니다
추천합니다"
25.08.16.,,,,3,"뽑기를 잘 못했는지, 뒷 타이어 펑크만 3번째인데 
확인해보니 뒷바퀴 타이어 안쪽 휠이 문제여서 고무로 2겹 보강하고 잘타고 있습니다. 제품 자체는 예쁘고 좋습니다."
25.08.15.,남성,172cm,70kg,5,"배송 무척 빠르고 조립 간편합니다.
접었을 때 부피가 작아서  원룸 사는 사람으로서 너무 좋네요."
25.08.15.,남성,175cm,72kg,5,진짜 조아요. 사이즈며 모든면에서 최고요
25.08.14.,,,,5,"운동할겸 사서 잘 타고 있습니다
부담없이 편히 타시면서 다이어트 하세요^^"
25.08.13.,남성,130cm,29kg,5,"한달넘게 사용해본 아이가 별 다섯개 주라고 하네요
자전거 너무 가볍고 튼튼하고 좋아요
트렁크에 넣어다닐 접이식 자전거는 무조건 이걸로 추천합니다!!"
25.08.13.,남성,160cm,64kg,5,튼튼하고 이뻐서 만족합니다 번창하세요~
25.08.12.,,,,5,가성비 최고의 접이식 미니벨로입니다!!!!
25.08.11.,,,,5,"동네 마실 출퇴근용으로 구매했는데, 사이즈 적절하고 승차감 좋아서 만족합니다."
25.08.10.,,,,5,좋은제품 빠른배송 굿굿
25.08.09.,남성,177cm,73kg,5,초등3학년 아들 사줬는데 아직 키가 140이 안되서 조금 큰듯 하지만 잘 타네요. 자전거 이쁘고 좋아요
25.08.09.,남성,172cm,82kg,5,"삐걱거림 없이 튼튼하고,  변속 및 주행 질감이 좋아요."
25.08.09.,,,,5,깔끔하고 예쁜 자전거 감사합니다
25.08.08.,남성,172cm,67kg,5,"만족하며 잘타고 있습니다.
입문용으로는 좋습니다만 추천한다면
역시 50~60만원대가 좋을것같습니다."
25.08.08.,남성,174cm,70kg,5,집에서 지하철역까지 15분 걸었는데 5분거리더라고요 자전거타고는
25.08.08.,남성,182cm,80kg,5,접어도 작은사이즈라 보관하기 쉬워요
25.08.08.,남성,186cm,90kg,5,추천합니다 추천합니다 추천합니다
25.08.07.,여성,150cm,56kg,4,작은 키에 타기 적당해요
25.08.07.,,,,5,너무 깔끔하네요. 좋아요. 추천요
25.08.06.,,,,5,"아내를 위한 선물로 이제 같이 자전거 나들이 겸 구매했네욤
타이어가 공기압 이 30psi 밖에 안들어가는데 이거 타이어 밸브 쪽 너트를 더 조아야하나요?"
25.08.06.,,,,5,컴팩트하면서도 너무 작진않아서 승차감도 괜찮아요 깔끔합니다
25.08.05.,,,,4,"자전거박스가 다 터져서 배송되어서 기분이 좀 안좋았고, 안에 자전거는 꼼꼼하게 포장되어서 왔습니다
아직 타보진 않았지만 후기 또 남기겠습니다"
25.08.05.,남성,170cm,72kg,5,배송 잘 받았습니다~ 출퇴근용으로 작은걸로 구매했네요
25.08.05.,,,,5,아이가 너무 좋아하내요
25.08.02.,남성,150cm,40kg,5,아이가 디자인도 마음에 들어하고 보관이 용이 해서 좋습니다
25.08.02.,여성,135cm,31kg,4,자전거가 조금 무겁지만 아이가 타기에 좋아요
25.08.02.,,183cm,85kg,5,이쁘고 접이식이라 만족합니다.
25.08.01.,여성,160cm,53kg,5,가성비 너무 좋네요. 이가격대에 디자인 성능 다 좋아요.
25.08.01.,여성,,,3,이거보다윗단계살껄..쪼끔아숩긴한데그냥타기조아용
25.08.01.,남성,,,5,조립도 되게 쉽고 차에 넣어서 탈수있는게 장점이에요
25.07.31.,,,,5,아이부터 어른까지 탈수있어서 좋아요 무엇보다 예쁩니다^^
25.07.30.,,,,5,"전체적으로 만족합니다 
가성비 좋고 배송빠릅니다"
25.07.30.,,,,5,좋습니다.  성인이 타기에도 청소년이 타기에도.. 굿
25.07.29.,,,,5,배송도 빨랐고 문의사항있었는데 친절하게 답도 주셔서 정말 감사합니다😀 자전거도 너무 예뻐요
25.07.29.,남성,177cm,75kg,5,배송이 하루만에 와서 놀랐습니다. 약간 작지만 타기에 불편하지는 않네요. 좋습니다.
25.07.29.,여성,168cm,58kg,4,"입문용으론 좋아요
가성비도 짱"
25.07.27.,,,,5,"확실히 바퀴가 작아서 승차감은 좀 불안해요
여자들은 브이넥입었을때 좀 조심해야할것같아요
프리미엄바퀴덮개?는 절대 사지마세요 바퀴바람 다 빼고 다시조립해야합니다
그 단점을 다 덮는예쁨이 있습니다ㅎㅎ
지나가는 사람들이며 엘레베이터에서 마주치는 할아버지까지 자전거 예쁘다고 툭툭 던지고갑니다
밀짚모자에 라탄가방앞에두고가면 나는야 일본여주인공~ 현재 17번정도 탔는데 30도 이상에선 타지마세요 열사병걸렸습니다ㅠㅠ"
25.07.27.,,,,5,조립도 그냥 다되어 온 수준이네요
25.07.27.,남성,,,4,다 좋은데 기어변속과 브레이크만 나중에 교체하면 좋을 것 같아요.
25.07.26.,,,,5,선물용으로 좋아요 누구나 편하게 타기 좋은거 같아요
25.07.26.,,,,5,고맙습니다 잘쓰겠습니다
25.07.25.,,158cm,52kg,5,빠른배송감사합니다ㅎㅎㅎ
25.07.24.,,,,5,아주 잘 타고 있습니다. 접이식이라 차에 이동할때 좋아요
25.07.23.,남성,175cm,83kg,5,"회사 직원복지용으로 5대 구입했는데 
짱짱하니 좋아요"
25.07.23.,남성,175cm,83kg,5,"회사 직원복지용으로 5대 구입했는데 
짱짱하니 좋아요"
25.07.23.,남성,175cm,83kg,5,"회사 직원복지용으로 5대 구입했는데 
짱짱하니 좋아요"
25.07.23.,남성,175cm,83kg,5,"회사 직원복지용으로 5대 구입했는데 
짱짱하니 좋아요"
25.07.23.,남성,175cm,83kg,5,"회사 직원 복지용으로 5대 구입했는데 
짱짱하니 상태 좋습니다."
25.07.23.,,,,4,잘 나가고 관리자 대응도 좋네요
25.07.23.,,,,2,올해 후회되는 구매한것들 중 하나
25.07.22.,,,,5,디자인도 이쁘고 승차감도 좋고 빠른배송감사합니다
25.07.22.,,,,3,핸들 부분을 좌측으로 접어야 해서일까요? 핸들이 정면을 보지 않고 오른쪽으로 조금 틀어져 있습니다. 인터넷에 찾아보니 육각나사를 풀어서 맞출 수 있다는 글이 있는데 아직 시도해 보지는 않았어요. 길게 타보지 않아서 승차감은 아직 잘 모르겠어요. 자전거에 대해 잘 모르고 다른 자전거와 비교할 수는 없는데 접어서 운반이 쉬울만큼 가벼운 무게는 아닙니다.
25.07.22.,,,,5,튼튼하고 높이에 적응하면 여자가 타기 좋아요
25.07.22.,,,,5,"전반족으로 만족스러우나
안장통이 있어서 다른 것으로 교체예정
같이산 장바구니가 끼우기 너무 힘듬.. 끼우다가 스크래치 많이 남
이것도 교체 예정"
25.07.22.,,,,5,잘 쓰고 있습니다 감사합니다.
25.07.20.,여성,,,4,자전거 좋아해서 구매했는데 사실 날이 더워서 자전거를 못 타고 있어요 얼른 가을 돼서 자주 타고 다니고 싶네요🥹
25.07.20.,,,,5,완조립으로 주문했는데 추가적으로 조립할게 없어 편했습니다.
25.07.19.,남성,130cm,29kg,5,"키 약 130정도의 초등학교 2학년 학생이 타려고 샀는데
초딩이 타기에 큰거 아닌가 싶었는데
브레이크 손잡이를 위쪽으로 올려주었더니
아주아주 딱 맞게 잘탑니다"
25.07.18.,남성,140cm,40kg,5,"반조립인데 약간 손잡이가 틀어지거나 한건 있었습니다. 
들어있는 공구로 조정히면 됩니다"
25.07.18.,,,,5,빠른 배송 감사 합니다.
25.07.17.,남성,172cm,75kg,5,아이와 같이타기 좋습니다. 핸들과 안장 조절만하면 초딩 자녀도 가능하고 주말에는 제가 장거리 운동용으로 이용합니다. 가볍기도해서 좋습니다.
25.07.16.,남성,174cm,74kg,5,와이프가 타는데 이쁘고 잘 나가요~  아이들도 타기 적당하네요
25.07.16.,남성,174cm,74kg,5,자전거 잘 달리고 이뻐요
25.07.16.,,,,5,차에 로드넣기가 힘들어서 접이식으로 저렴히사보네요 고장없이 잘썼으면 좋겠어요 색감은 이쁘네요 완조립인데 잘된거맞겠죠
25.07.16.,여성,155cm,42kg,5,아이가 밤마다 운동삼아 잘타니 사준 보람이 있네요~
25.07.15.,남성,170cm,68kg,5,생각보다 편하고 좋네요. 잘 타고 있습니다~
25.07.15.,,,,5,가격대비 좋은 품질 딱 좋아요!
25.07.14.,남성,174cm,88kg,5,"출퇴근 하려고 샀는데 맨날 공유자전거 타다가 이거 타니까 승차감도 좋고 집 to 사무실까지 가기 편해요 집,사무실 둘다 실내에 보관 할 수 있어 좋네요
근데 보내주신 상품 중에 빨간색 반사 후미등 부착은 안장 목에 부착 위치를 알겠는데 흰색 반사등은 어디에 부착해야 하는건가요?"
25.07.14.,여성,145cm,37kg,5,잘  타고   있어요
25.07.14.,,,,5,"아이랑 타려고 샀어요, 가성비최고"
25.07.13.,,,,5,아침에 간단히 운동하기 좋네요
25.07.13.,남성,170cm,70kg,5,"만족해요 
잘타고 있습니다"
25.07.13.,,,,5,잘받았습니다 감사합니다
25.07.12.,,,,5,디자인이 넘 예뻐여
25.07.11.,남성,160cm,62kg,5,"와이프랑 함께 라이딩 하려고 기추했습니다.
티티카카는 항상 여기서만 구매하는데 아주 만족스러워요!"
25.07.10.,,,,5,"배송빨라서 좋았구요
바로 야간 라이딩해봤습니다.
디자인도 이쁘고 승차감도 쏘쏘합니다"
25.07.09.,여성,130cm,33kg,5,"애가커서 자전거 바꿔줬어요
미니벨로 처음 샀는데 만족합니다"
25.07.09.,,,,5,빠른 배송 든든한 포장!
25.07.09.,,,,5,"좋아요
아주 만족합니다
이뻐요
굿"
25.07.09.,남성,,,5,잘 타고 다녀요:)
25.07.08.,남성,172cm,67kg,5,"가격대비 매우 훌륭합니다.
입문용으로 너무 좋은 선택인것 같습니다."
25.07.08.,남성,173cm,77kg,5,생각보다 퀼리티 좋아요. 많이 파세요
25.07.08.,,,,5,신랑이 잘 타고다니며 만족해합니다
25.07.08.,,,,5,이쁘고 좋아요. 배송도 굳
25.07.08.,,,,5,아주 좋습니다 잘탈게요
25.07.07.,,,,5,프레임색이 너무 밝지도 너무 어둡지도 않아서 질리지 않고 사용 할 수 있을 것 같아요. 원터치로 변속 하는 것도 편하고 좋아요!
25.07.07.,,,,5,생각보다 바퀴가 작긴한데 디자인 이쁘고 짧은 거리 타기엔 너무 좋아요!
25.07.07.,,,,5,좋아요좋아요좋아요좋아
25.07.06.,여성,161cm,51kg,4,"성인이 타기에는 크기는 적당하고 타고다니기 너무 좋습니다.
그런데 승차감이 좀 아쉽긴해요. 
엉덩이가 좀 아픈 상황이랄까?
구매후 의자 교체나 패드를 이용하셔서 타시면 좋을갓 같습니다."
25.07.06.,,,,5,"가격대비 매우 뛰어난 품질 빠른배송
두대째인데 너무 만족합니다."
25.07.06.,,,,5,배송빠르고좋습니다.
25.07.05.,,,,5,비조립으로왔는데 그다지조립할게없어서괜찮아보여요 출퇴근용인데 아주 적당한것같습니다
25.07.05.,,,,5,가볍게 타고 다니기 좋아요. 스피드용은 아니에요.
25.07.05.,여성,,,4,빠른 배송 감사합니다!!
25.07.05.,남성,168cm,72kg,5,배송도빠르고 핸들쪽만 조금조정하면 크게 손볼거도없어요
25.07.05.,남성,169cm,79kg,5,빠른 배송 감사합니다.
25.07.04.,,,,4,생각보다 묵직해요. 다음에서 좀더 윗 버전 구매해보고 싶어요.
25.07.04.,,,,5,정말 좋습니다! 강추 합니다!!
25.07.04.,,,,5,배송이빠르고 사진과 색상똑같아요
25.07.03.,여성,163cm,41kg,5,"처음 접는 자전거를 구매했는데, 생각보다 조립도 간단하고 디자인도 예뻐서 만족스럽습니다. 공간 차지도 적고, 외출할 때 너무 편하네요!"
25.07.03.,남성,180cm,83kg,5,"생각보다 튼튼하고 무엇보다 이뻐요
가성비 미니벨로는 이만한게 없네요"
25.07.03.,남성,138cm,38kg,5,"부담없는가격 좋습니다,,,,,,,"
25.07.02.,여성,166cm,62kg,5,"평소 자차 5분거리 출퇴근하고 있는 직장인입니다. 주변 동네 인프라도 걸어다니긴 애매하고 차 타기도 애매한 위치라 매번 걸어가면 힘들어 죽고 차타고 가면 돌아와서 주차할데가 없고 애매해서 고민하다가 자전거를 샀습니다!
처음에는 다크그린색을 사고 싶었는데 다크그린 품절되었다고 하여서 레이싱그린 샀는데 실제색은 파스텔톤보다 진한 그린색이라 더 맘에 들었어요
반조립 완조립차이가 2만원이나 나지만 브레이크 같은건 자전거방에서 한번 봐야한다고해서 반조립으로 받았는데 거의 완조립과 차이가 없네요 만약 자전거 좀 만지실수 있는 분이라면 브레이크 같은거 한번 확인해보시면서 반조립으로 받아도 될거 같아요.  색깔은 진짜 고민많이 했는데 야외라이딩할때 그린이 이쁠거 같아서 생각했더니 너무 만족합니다
안장은 조금 불편하긴 하더라구요 그래도 뭐 공유자전거 보다는 나으니까 타다가 장거리라이딩할때 불편함느끼면 안장만 교환해봐야 할거같아요
아 그리고 사은품으로 주신 전조등은 크기가 거의 뭐 기차에 달아도 될만큼 커서 걍 알리에서 주문했습니당.
예쁘게 잘타고 다녀볼께요 ㅎㅎㅎ 제 첫 미니벨로 ^___^"
25.07.02.,남성,186cm,90kg,5,"만듬새가 좋네요
추천합니다"
25.07.02.,,,,5,가격은 저렴하지만 외형에서 저렴한 티가 안나네요. 접히는 것도 잘되고 덜렁 거리는 부분 없어서 만족합니다.
25.07.02.,,,,5,잘타고 있어요~~~
25.07.01.,남성,175cm,55kg,4,걸어서 출퇴근할때보다 시간단축이 많이 됩니다 굿굿
25.07.01.,,,,5,"만족합니다
만족합니다"
25.06.28.,,165cm,70kg,5,접이식 처음인데 확실히 이동편하고 가벼워요. 반조립 배송인데 조립도 쉽고. 안전하게 탈께요.
25.06.27.,,,,5,"아주 잘 쓰고 있습니다!
견고하고 접었을때도 컴팩트해져서 좋아요!

무엇보다 디자인이 정말 예쁩니다💜💜"
25.06.27.,여성,,,5,두대째에요 튼튼하고 가성비좋아요
25.06.27.,,,,5,선물용으로 삿어요 좋아요
25.06.26.,여성,153cm,38kg,5,빠른배성 너무 좋아요
25.06.25.,,,,4,"색상도 예쁘고, 레버가 부드러워서 좋습니다. 어머니 타실 건데, 제가 조립 후 가져다 드리면서 타보니 안정감 있고 마실용으로도 좋겠더라고요. 다만, 자전거에 기타 용품 다 합배송으로 보냈던데 기타용품 배송비를 5000원 따로 받는 건 장난질이라고 느꼈습니다. 저는 흙받이랑 앞받이+바구니세트 사서 달았는데, 잘 모르는 분들은 근처 가게가서 돈주고 조립 맡기는게 편해보입니다. 추가 용품 없이 자전거만 사시는 분들은 반조립 추천합니다. 완조립은 뭘 더 해줄까 싶게 조립되어 오네요."
25.06.25.,여성,143cm,30kg,5,"아이가 부쩍 커서 자전거 바꿔줘야 겠다는 생각을 이전부터 하고 있었는데 생일에 맞춰서 이제서야 바꿔 줍니다. 주말에 비만 안오기를 고대하고 있네요.ㅎ 디자인, 색상 모두 생각보다 괜찮습니다.
무엇보다 아이가 기분 좋아해서 정말 만족 합니다."
25.06.25.,,,,5,아이 선믈 사줬는데 너무 좋아해요~
25.06.25.,여성,,,5,살빼려구삿어용 한번잘타보겟습니당😍😍😍😍😍
25.06.24.,,,,5,"고민많이하다가 주문했어요
디자인도 예쁘고 오래 잘 탈수 있을거 같아요
생각보다 받아보니 크지만 초3아이 140정도 되는데 잘 타네요 엄청 좋아해요^^ 진작 사줄걸!"
25.06.24.,,,,5,"발구름옆플라스틱에 약간의 스크래치는 있으나, 포장이 잘되어 있고, 다행히 크게 하자는 없었습니다.  반조립이라 브레이크 유격은 따로 인터넷 보고 맞췄습니다. 바구니는 아래쪽은 잘 맞으나, 뒤쪽이 들뜨네요. 기다른 나사가 필요할것 같은데, 없어서 그냥 스트랩으로 고정했네요."
25.06.24.,남성,173cm,78kg,5,"40대에 접어들고 건강관리가 필요한 것 같아 퇴근후에 진해 앞바다로 15km씩 타고 있어요
상쾌하게 건강도 챙기고 있습니다
가볍고 집안에 둘수 있게 접어져서 너무 편합니다"
25.06.23.,여성,,,4,"미니벨로 중에 유명한 제품이라 구매했는데 전반적으로 무난합니다. 솔직하게 작성하자면 생각보다 승차감은 아쉬운 편이고, 제가 키가 작은 편인데도 사이즈가 저에게 적당하다고 느껴져서 키가 크신 분들은 자전거 크기가 비교적 더 작게 느껴질 것 같아요! 개인적으로는 예쁜 자전거를 사고 싶어해서 그런지 모양은 예뻐서 그 부분은 마음에 듭니다. 며칠 동안 고민하고 후기를 꼼꼼하게 보고 구매해서 어느 정도 기스가 있을 거라고 예상했는데 걱정한 것보다 기스가 적지만 그래도 새 제품이라 아쉽긴 하네요.ㅠ_ㅠ 아쉬운 부분은 많지만 날 시원해지면 잘 타볼게요! 아 그리고 처음 타자마자 자전거에 소리가 나서 문의 남겼더니 전화로 친절하게 설명 주셨어요. 감사합니다."
25.06.23.,,,,4,아무래도 폴딩자전거이다 보니 기본 자전거에 비해 아쉬운점은 있어도 잘굴러가고 예쁩니다 :)
25.06.23.,여성,164cm,60kg,5,자전거 편하고 잘 접어지고 좋아요
25.06.22.,,,,5,어머니 사드렸는데 적당하고 좋네요. 완조립 주문해쎈요
25.06.22.,남성,142cm,33kg,5,자전거 품질도 좋고 멋지네요^^
25.06.21.,,,,5,"아이선물로 사줬는데 아이가 정말 좋아해요
135cm라 약간 큰편이긴한데 이제 클일만 남았으니 편하게 잘탈거같아요"
25.06.21.,남성,173cm,72kg,5,가성비좋고 덕분에 정신건강에도 좋네요^^
25.06.21.,,,,5,가볍게 타기 딱 좋고 차량에 접혀서 잘 들어가는 게 아주 이동성에 최고로 탁월한 제품이네요.
25.06.21.,,,,5,사길 잘했어요 ~^^최고!!♡
25.06.20.,,,,5,"디자인이 이쁘고, 색상도 유니크해서 좋습니다.
브라운색상 클래식한 느낌도 좋네요. 가볍고 주행감도 괜찮습니다."
25.06.20.,남성,179cm,81kg,5,자녀 생일선물로 사줬는데 아이가 엄청 좋아하네요 배송 포장 문제 없고 조립도 쉬워요
25.06.20.,,,,5,잘받았습니다. 잘 타고 있습니다.
25.06.20.,,,,4,완전 조립으로 주문해서 편리하게 탈수 있었요아이가 너무 좋아하네요
25.06.20.,남성,170cm,68kg,5,생각보다 승차감도 좋고 잘나가네요~
25.06.20.,,,,5,초등학생 아들 자전거 배울려고 구입했는데 적당합니다 안정적이고 접어서 차량이동도 편하고 한적한 공원에서 타는데 어린이 자전거처럼 생각했는데 성인이 타도 좋을 만큼 가성비 좋습니다
25.06.20.,,,,4,가성비 좋은 제품입니다.  나중에 구동계 교체만 하면 문제없이 오래 탈 것 같습니다.
25.06.19.,여성,167cm,58kg,5,승차감도좋고 매우만족합니다
25.06.18.,여성,160cm,62kg,4,여자가 타기 좋아요..아직 많이 타지 못했어요..ㅜ 운동 능력치가 좀 낮아서..ㅜ
25.06.18.,,,,5,"예쁘고 좋아요ㅎㅎ
동네에서 타고다니기
좋아요"
25.06.18.,,,,4,다른 미니벨로에 비해 가성비 좋습니다.
25.06.17.,남성,174cm,68kg,5,"가성비 최고 미니벨로, 다만 반조립 주문 시 조립 설명서가 있으면 정말 좋을 것 같습니다.. 처음 자전거 접하시는 분은 무조건 완전 조립으로 구매하실 추천드립니다."
25.06.17.,남성,179cm,81kg,5,초등학교 4학년 자녀 선물로 아주 좋아합니다~배송 포장 이상없이 왔고 만족합니다
25.06.17.,,,,5,좋습니다 만족해요 !! 아기랑 잘타요
25.06.17.,여성,140cm,45kg,5,"초등 4년 여자아이 처음 보조바퀴 달고 타는데 
아이한테 딱 이네요"
25.06.17.,,,,5,작은 어린이 자전거 타다가 바꿔주니 날라다니네요 ㅎ
25.06.17.,,,,1,초등생 평지만 주행했는데 한달 타고 펑크
25.06.17.,,,,5,집앞에서 타기 좋고 편하네요
25.06.17.,남성,174cm,73kg,5,"조립으로 구매하였눈데 박스에서 빼서 접이만 풀면바로 탈수 있어서 좋았습니다
디자인 이쁘고 사이즈도 좋아오"
25.06.16.,,,,5,타기 편하고 차에 싣고 다니기도좋아요
25.06.16.,,,,4,가성비 아주 괜찮아요
25.06.15.,,,,5,"부드럽고 잘나갑니다 
브레이크 소리는 겁나 거슬립니다"
25.06.14.,,,,5,"배송 너무 빠르고 편리하네요
한대 더 구매하고싶네요"
25.06.14.,,,,5,진짜 너무 예뻐요 예쁘니깐 뭐든 다 좋아요
25.06.14.,여성,145cm,37kg,5,초등학생 딸 생일 선물로 좋아요
25.06.14.,,,,5,디자인 무게 성능 가격 만족합니다.
25.06.14.,남성,146cm,36kg,5,초등학생 4학년이 타기에 적당합니다.
25.06.13.,,,,5,튼튼하고 좋아요 미니벨로 입문입니다
25.06.12.,남성,183cm,72kg,4,반조립이라 직접 마무리해서 잘 타고있어요
25.06.12.,남성,,,5,어이 어른 조정해가면서 타니까 범용성이 좋아요 맘에 들어요 ^^
25.06.11.,,,,5,미니벨로는처음타봐서작은감이있지만적응되겠지요 이쁩니다 잘타겠습니다
25.06.11.,,,,5,애들 첫자전거로 구매했습니다.
25.06.11.,남성,167cm,62kg,4,"주5회 10km 주행 했음
스탠드 다리 덜렁거림 
타이어 튜브 마감 부분 찢어져서 바람 다 빠짐
접을때 핸들부분 간섭 심함
복불복이 심한듯"
25.06.10.,,,,5,장거리도 문제 없이 잘다녀왔네요 다음엔 국토종주갑니다
25.06.10.,,,,5,접이식이라 여행지에 가지고 다니면서 타기도 좋고 디자인도 예뻐요^^
25.06.10.,,,,5,키작은 여자가 타기에  가볍고 승차감도 좋아요
25.06.09.,여성,146cm,32kg,5,"우선 배송이 빨랐고,(충북이라서 늦을 거라 생가했는데, 이틀만에 왔어요)  디자인도 훌륭했어요 아이가 좋아하니 두말할 나이가 없지요 그런데 평지에서 탔는데도 부품 하나가 떨어지더라고요. 그래서 보니까 나사가 잘 조여지지 않은 것이 몇 개 있었어요. 완제품을 신청했는데. 검수를 좀 더 꼼꼼히 해 주셨으면 좋았겠다는 생각이 들었습니다. 그렇지만 접는 과정도 쉽고 작게 접혀서 QM3 트렁크에도 들어갔고,  5학년 아이 혼자서도 접을 수 있으며. 튼튼하고 가벼워서 다시 구매하라고 해도 하고 싶습니다. 구매자님의 자세한 설명이 있었기에 구매하는데 큰 도움이 되었습니다. 번창 하세요 감사합니다. 티티카카몰에 가서 헬맷과 장바구니를 구입하려고 합니다."
25.06.09.,,,,5,"대학생 아들 사줬는데 학교에서 잘타고 다닌대요~ 
접이식이라 안정성이 떨어질까봐 걱정했는데 좋다고 하네요~^^ 디자인도 예쁘고 잘산것같아요~"
25.06.09.,,,,3,"이쁨, 입문자용, 오르막길 힘듬, 
입문자들이 사겠지만 돈 더 주고 좋은거 사는걸 추천,,
타이어펑크가 두번 연속 나서 원인을 알아보니, 타이어튜브와 닿는부분 마감이 날카로워서 튜브가 찢어짐"
25.06.09.,,,,5,너무 잘 사용하고 있습니다 감사합니다
25.06.08.,,,,5,"사실 자전거 성능 기능 이런거 잘 모르는데 미니벨로는 그래도 티티카카가 괜찮다고 해서
찾아보다가 구매했어여!! 특히나 색감이 너무 예뻐요~ 중1여학생이랑 엄마랑 같이 번갈아가면서 타도 좋을 거 같아요!! 
실제로 보니 제것도 하나 더 사고싶네요~ 

그냥 다 모르겠고 예뻐요 :)"
25.06.08.,,,,5,"커플로 구매했는데 잘타고다니고 있어요 
만족스러워요"
25.06.07.,남성,173cm,74kg,5,깔끔하고 페달링이 부드러워요
25.06.07.,여성,169cm,51kg,5,작게 접혀서 차에 두는데도 문제 없고 여자가 접고 펴는데 전혀 문제가 없어서 좋아요.
25.06.07.,여성,164cm,64kg,5,좋아요 자주 구매하고 있어요
25.06.07.,여성,164cm,64kg,5,좋아요 자주 구매하고 있어요
25.06.06.,,,,4,"배송은 아주 빨랐어요. 하루만에 받았는데 정작 개봉이 늦어졌네요.

완조립으로 주문했고 접힌상태로와서 펴기만하면 되는거다보니 신경쓸게 없어서 좋겠다 싶었으나..... 핸들과 앞바퀴 정렬이 안맞더라구요ㅠㅠ 문의내용 남기니 답변을 빠르게 주셨고 어렵지않게 해결할 수는 있었습니다.

핸들 아래쪽으로 스크래치가 생각보다 크고 깊게 있어서 아쉽지만 그냥 감안하고 넘어가기로 합니다.

현재 키 142인 초등 딸아이가 좋아하며 잘 타요. 엉덩이는 좀 아프다고해서 젤커버를 별도 구매해야할 것 같고, 어두울때 탈건 아니라서 일단은 같이 보내주신 클래식 라이트를 달아보려고 하는데 나중엔 결국 좋은걸로 바꿔야하지 않나 싶어요. 

오늘 호수공원에 나가 장시간 타보고 왔는데 현재까지는 만족입니다. 튼튼하게 오래탈 수 있으면 좋겠어요."
25.06.06.,남성,174cm,74kg,5,이쁘네요  타는데 전혀 문제없고 좋습니다
25.06.05.,여성,169cm,54kg,5,"빨리도착했습니다
자전거를 조금은 손을 봐야 됩니다. 안장 높이도 그렇고 등등등."
25.06.05.,남성,174cm,74kg,5,"상품깨끗 하고 잘 나가요
이쁘고 좋네요"
25.06.05.,,,,5,배송이 왕빠릅니다. 오프라인보다 싸게 사서 좋아요!
25.06.05.,,,,5,배송빠르고좋아요...
25.06.05.,여성,155cm,42kg,5,초6 딸아이한테 최고의 어린이날 선물이 되었어요 운동삼아 잘타고 다닙니다
25.06.05.,,,,5,"자전거가 크지 않아 여성분들이 타시기에는 오히려 좋았습니다, 간단히 다니실때 추천합니다"
25.06.04.,,,,5,"초3 여자아이 좀 작은 편인데
기존에 타던 자전거가 작아져서
초딩 자전거로 검색해보니
많이 사주시는 것 같아서 구매해봤어요
아직 아이가 작아서 좀 큰 감이 있지만
안장 젤 낮게 해주고 잘 맞춰주니
금방 적응하고 잘 탑니다~^^
저도 타보니 편하고 좋네요!
아이 아빠랑 둘이 한대씩 더 사볼까 고민중입니다~
잘 탈게요!"
25.06.04.,,,,5,"배송,가격,품질 그리고 무엇보다 빠른 상담 및 대응
아주 좋습니다"
25.06.04.,여성,164cm,50kg,5,코너링도좋고 가볍게잘나가요
25.06.03.,여성,147cm,38kg,5,"주문하고 익일 배송, 제품도 기스 하나 없이 양품으로 받았습니다. 머드가드 상태가 약간 좋지 않았지만 전체적으로 만족스러워요~
초등 4학년 딸 선물로 사줬는데 손잡이부터 안장까지 길이가 살짝 긴 편입니다. 타기에 부담스럽지는 않은 크기에요. 딸이 너무 좋아해서 저도 너무 좋네요~^0^
알루미늄이라 확실히 스틸보다 가벼워서 접이용 휴대성 좋습니다. 다만 안장이 꽤 단단해서 엉덩이 아프신 분들은 별도로 안장을 구매하시는게 좋을 것 같습니다 ㅋ"
25.06.03.,,162cm,55kg,5,"접이식자전거 뽀각 이슈로 겁주는 사람이 많아서 걱정했는데 잘 타고 다니고 있어요
주차 공간 없어서 접이식으로 구매했는데 케이스 가방에 넣어서 방 안에 보관 할 수 있으니 좋아요
바람 맞으며 달리는 거 좋아하는데 자전거 강아지 안장까지 설치해서 같이 한강 달리니까 기분이 좋더라구요 구매하길 잘 한 것 같아요"
25.06.03.,,,,5,"집사람 또는 딸아이가 타기 위해서 구매했는데, 예쁘고 승차감 부드럽고 좋네요. 잘 산것 같아요. 반조립으로 삿는데 완성도 좋습니다."
25.06.03.,,138cm,37kg,5,"선택안함
좋은거 같아요! 아이가 엄청 좋아해요!"
25.06.03.,남성,177cm,76kg,5,딸래미들 타라고 사줬는데 좋아하네요..
25.06.03.,여성,168cm,58kg,5,5학년 여자아이 선물로 사줬는데 좋아하넹ㅎ
25.06.02.,,,,5,가볍게 타기 좋은 자전거예요 동네에서 타기 좋습니다:) 무게는  접으면 무거워서 여자 혼자 들기는 힘듭니다 무거운거 빼고는 다 만족하는 자전거 입니다
25.06.02.,,,,5,"첫째 초4 사줬습니다.
페달링도 부드럽고 좋네요"
25.06.02.,,,,5,잘 받았습니다. 감사합니다.
25.06.02.,,,,5,좋아요좋아요좋아요좋아
25.06.02.,,,,5,좋아 달리는거야. 좋아.. 좋아요. 좋아
25.06.01.,,,,5,"만족합니다.
만족합니다."
25.06.01.,,,,5,가격대비 훌륭합니다
25.06.01.,,,,5,잘 타고 있어요 좋아요
25.05.31.,,,,5,배달된 제품상태가 매우좋았습니다.반조립으로 구매했는데 특별히 손보지 않고 바로 사용할수있었습니다.
25.05.31.,,171cm,72kg,5,포장 완벽하게 해서 배송되어 파손은 없고 반조립이라고 하기엔 너무 쉽게 조립되어 누구나 다 가능할거 같네요 가볍고 잘나가고 차로 수납이동 편리합니다.
25.05.31.,,,,5,"가격대비 성능디자인 편리성 좋아요
빠른송도 좋구요"
25.05.30.,,165cm,,4,스크래치 빼고는 좋아요. 포켓몬 스티커로 가림ㅋ근데 자전거 실력이 안느네요. 애들보다 못탐 꾸준히 연습하겠슴다.
25.05.30.,남성,175cm,55kg,4,"반조립인데 거의 조립되어 와서 좋았습니다.
다만 엉덩이가 엄청나게 아픕니다."
25.05.30.,,,,5,"가성비 좋습니다
구성품도 많습니다,,,"
25.05.30.,,,,5,"아직 사용전이에요~
디자인이 넘 이쁘네요"
25.05.29.,,,,5,"빠른 배송 감사해요~
반조립 상태로 주문했는데, 조립하기 쉬워요.
브레이크 케이블이 접힌 상태로 배송된게 조금
아쉽네요"
25.05.29.,,,,5,"사진 보다 실물이 훨씬 이쁘네요
아주 만족
아이가 너무 좋아해요
성인 아이 다 탈수 있는 크기이고 
인기있는 이유가 있네요"
25.05.29.,,,,5,주문한지 2일만에 받았습니다. 사은품도 많이 넣어 주셨네요. 감사합니다. 잘 탈께요 ^^
25.05.29.,,,,5,"선택안함
와이프랑 같이타려고 사줘서 와이프가 만족하고 잘 타고다닙니다"
25.05.29.,,,,5,생각한 그대로 왔고요. 잘사용하겠습니다.
25.05.29.,,,,5,생각한 그대로 왔고요. 잘사용하겠습니다.
25.05.29.,남성,177cm,80kg,5,조아요조아요조아요조아
25.05.29.,여성,155cm,50kg,5,조아요조아요조아요조아
25.05.28.,,,,5,초등 5학년 딸아이가 아주 좋아해요~
25.05.27.,남성,180cm,85kg,5,접이식으로 부피도 작고 동네 마실 가기도 좋고 승차감 역시 좋네요
25.05.27.,,,,5,10km 정도 시운전 했는데 괜찬네요
25.05.26.,,,,5,아이가 잘 타고 다녀요~ 여자아이도 타고내리기 쉬워서 좋다고 합니다.
25.05.26.,남성,173cm,72kg,5,예쁩니다 안장은 따로 갈았어요
25.05.25.,,,,5,"와이프 사줬는데 아주 만족해 하네요.
허리가 길어서 어린이 자전거 같지는 않네요."
25.05.25.,,,,5,"입문용이라 엄청 고민하고 여기저기 알아보다가 구매했는데 너무 좋아요!! 더 일찍 안 산걸 후회하고 있어요!! 다만, 안장이 불편해서 엉덩이가 아픈거 제외하고는 굳입니다!!"
25.05.24.,남성,167cm,63kg,5,집앞 마실용으로 가성비 괜찮습니다.
25.05.24.,,,,5,배송도 빠르고 상품 좋아요
25.05.24.,,,,5,배송 빠르고 자전거 예쁘고 상태 좋습니다.
25.05.24.,,,,5,승차감 디자인 다 좋아요
25.05.23.,,,,5,배송이 빠르고 접이식으로 컴팩트하게 왔습니다! 색상도 이쁘고 무게도 생각보단 가볍네요. 오랫동안 잘 탈수있으면 좋겠네요 감사합니다
25.05.23.,,,,5,조카 선물해줬는데 잘타고 좋아합니다~
25.05.23.,,,,5,아이와 근교로 나가 자전거 타려고 접이식 구매했습니다. 튼튼하고 안전하고 아이도 좋아합니다.
25.05.23.,,,,5,완조립이라 받지마자 바로 탈수있었어요. 좋습니다.
25.05.23.,,,,4,It is good thaxxx
25.05.22.,남성,170cm,83kg,5,우선. 이뻐요. 공원가보니 집에서 조립할때보다 더 이뻐요.  아빠가 타려고 구매했는데 초딩 딸아이한테 뺏기게 생겼습니다. 다만 클래식라이트 고정하는 볼트와  렌치가 맞지않아서 못달았구요..동봉되는 사은품 .. 반사라이트와 자물쇠등은 약간 허접해서 그냥. 좋은걸루 사려합니다. 사은품은 비추입니다.
25.05.22.,,,,5,미니벨로는 처음이라 그런지 일반자전거랑 느낌이 조금 다르네요. 안장 자체를 높여서 타야하는거라 조금 어색하긴 했는데 베이지 컬러 이쁘고 맘에 들어요.
25.05.22.,,,,5,"하얀색에 깔끔하고 디자인이 너무 예뻐요
하자 하나도 없었고, 꼼꼼히 포장되서 왔어요
승차감도 너무 좋고 라이딩할 맛이 나네요ㅎㅎ"
25.05.22.,,,,5,배송도 빠르고 다행히 양품을 받아서 더 좋습니다^^ 덕분에 즐거운 라이딩 할 수 있을듯 합니다
25.05.22.,남성,147cm,46kg,5,안정감있고 코너링도 좋고  탁월한선택이었음
25.05.22.,,,,5,주말마다 잘타고 있습니다. 잘굴러가고 기어변속도 편해서 올렸다 내렸다 잘돼요
25.05.22.,,,,5,가볍고 잘 나가네요. 맘에 듭니다.
25.05.22.,남성,170cm,66kg,5,경첩 부분 조립이 어려웠지만 성공했습니다
25.05.22.,,,,5,아이랑 날씨좋을때마다 자전거타고 여기저기 다니는데 너무 좋아요
25.05.21.,,,,4,브랜드가 달라요. 티티카카만 보고 구입한 저라서 ㅠ ㅠ 그래도 큰 아이가 좋아합니다
25.05.21.,남성,176cm,78kg,5,가격도 저렴하고 튜닝하기도 좋고 프레임이 확실히 튼튼해요~~
25.05.20.,여성,164cm,67kg,5,가성비 최고에요 일단 저처럼 안장을 높이기가 무서운 분들을 위해서 안성맞춤입니다 안장 조절이 잘되고 자전거가 집앞에서 타기에는 딱 좋아요 ^^오토바이 면허 땜에 연습한다고 샀눈데 오래도록 탈 수 있을것 같네요
25.05.20.,,,,5,"P7 블랙, 베이지 구매했는데 넘예뻐요 주행감도 너무 좋구요 ㅎㅎ
기본안장은필히 Y홀 대형으로 추가구매하세요 
일반도 조금은 딱딱해서 대형으로 다시 구매했어용"
25.05.20.,여성,164cm,60kg,4,변속 기어랑 안장은 꼭 추가로 다른 상품 사세요. 완제품 조립으로 신청했는데 변속기어를 왼쪽에 달아주셨네요. 자전거는 예쁩니다
25.05.20.,,,,5,너무 감사합니다. !!! 번창하세여
25.05.20.,,,,5,좋아요 좋아요 좋아요
25.05.20.,,,,3,그냥 그냥 쓸만합니다
25.05.19.,남성,136cm,32kg,5,"접어져서 이동 시 편하네요.
직접 조립했는데 어렵지 않게 했네요.
색깔 고민 많이 했는데 실제로 보니 너무 예쁩니다."
25.05.19.,,,,5,색감도 좋고 잘 나가네요~아들이 좋아하네요!
25.05.19.,,,,5,색감도 좋고 잘 나가네요~아들이 좋아하네요!
25.05.19.,,,,5,출퇴근으로 잘 타고 다니는중!! ㅎㅎ
25.05.19.,,,,5,잘 쓰고 있어요 튼튼하네요
25.05.18.,,,,5,와이프랑 자전거 같이 타고 싶어서 선물해 줬습니다. 몇가지 모델을 주고 골라보라고 하니 d7을 선택하더라고요 제일 이쁘다면서 ㅎㅎ 이쁘긴 엄청 이쁩니다. 리뷰를 보니까 안 조립이슈가 많아 걱정이 됐는데 저희는 양품으로 잘 왔습니다. 지금 3일째 같이 라이딩을 나가고 있고 매우 잘 타고있어요. 즐거워하는 모습 보니까 선물 잘했다 싶네요 ㅎㅎ 감사합니다~
25.05.18.,남성,172cm,88kg,4,처음에는 차박 및 낚시용 마실용으로 사용하려 구매하였으나 도로를 달려보니 운동성능도 뛰어나 잘타고있습니다요~~
25.05.18.,남성,173cm,90kg,5,합리적인 가격에 미니벨로 즐길수 있어서 좋네요
25.05.17.,,,,5,빠른배송감사합니닿ㅎㅎㅎ
25.05.16.,여성,168cm,58kg,5,이쁘네요 색깔이 너무맘에들어요
25.05.16.,남성,170cm,70kg,5,"사람들이 다쳐다보네요..
선택잘한거같애요"
25.05.16.,,,,4,"배송빠릅니다
6만원 추가 완조립이여도 브레이크등 수정은 필요합니다."
25.05.15.,여성,166cm,58kg,5,"배송 진짜빠르고 포장풀자마자 바로 탈수있게 와서 너무좋아요^^
안장 티티카카브라운으로 교체했는데 
넘이뻐용 잘타겠습니다♡"
25.05.15.,남성,172cm,72kg,5,믿고 구매한 자전거 디자인도 좋고 무결점 제품이 와서 다행이네요
25.05.15.,,,,5,운전에 부담이 안가고 자전거 도로에서 잘 사용하고 있습니다
25.05.15.,,,,5,좋아요~! 굿굿!!!
25.05.15.,남성,175cm,75kg,5,아직 개봉전인데 소중히 잘 타겠습니다
25.05.15.,,,,5,잘쓰고 있습니다 ㅎㅎㅎ 좋아요
25.05.15.,,,,5,좋아요좋아요ㅎㅎ!!
25.05.14.,,,,5,"선택안함
실물 색상이 정말 이쁘고 속도도 시원시원하게 잘나갑니다. 다만 안장이랑 페달은 많은 리뷰에서 본 것처럼 그다지 좋지 못하니까 바꿔야 할것 같아요."
25.05.14.,,,,5,"악플 많아서 안사려고 했는데 대만족
40년전 코렉스 자전거 7만원 주고 샀던 생각에 비싸서 안사려고 했는데 만족♡"
25.05.14.,여성,160cm,,5,"성인 여성 동네마실용으로 딱입니다
조립도 꼼꼼하게 잘 해주시네요"
25.05.14.,,,,5,ㅋㅋ 셋팅완료 ㅎ ㅎ ㅎ
25.05.14.,,,,5,접이가 편하고 잘 동작해요
25.05.13.,,,,5,"배송 빠르게 왔어요
완전조립으로 신청한거라 펴서 바로 탈수 있었어요
무게감은 좀 있는데 부드럽게 잘 나갑니다"
25.05.13.,,,,5,이 가격에 이런 접이식 자전거가 있을까요? 정말 좋습니다.
25.05.13.,남성,,,5,자전거가 택배로 오는게 신기한데 포장도 잘되어있고 귀엽네요 취미로 타기 좋은듯
25.05.13.,남성,170cm,82kg,5,넘 좋습니다~! 굳굳굳넘 좋습니다~! 굳굳굳
25.05.13.,,,,4,"여러 리뷰를 참고하여 구매하였고
실사용후  한달후 리뷰 하겠습니다"
25.05.13.,남성,178cm,76kg,5,자전거 가성비 좋습니다
25.05.13.,,158cm,50kg,5,출퇴근길에 타기에 좋아요.
25.05.13.,,,,5,깔끔하고 잘나갑니다.
25.05.13.,,,,5,탈수록 맘에 듭니다 아이도 너무 좋아해요
25.05.12.,,,,5,잘 받았습니다. 감사합니다.
25.05.11.,여성,151cm,38kg,5,"아이 어린이날 선물로 구매했어요
너무 예쁘다고 신나하네요
바구니, 짐받이, 라이트, 흙받이 설치 다 해주었고
여자혼자 충분히 다 가능합니다
감사합니다 ㅎ"
25.05.11.,남성,167cm,62kg,5,"잘 접히고 그냥 무난해요
미니벨로 답게 속도는 확실히 좀 느림 
집 근처 마실용으로 적합합니다 1시간 이상은 엉덩이 아파서 안장 교체 필요,
손 보통이상 성인 남성은 변속 레버에 손 조심
잘 긁혀서 상처남
무게도 생각보다 많이 나감 엘베없으면 2층 이상은 힘들듯"
25.05.11.,,,,5,"자전거 주문
적당한거 마실용으로 샀는데 좋아요
완조립샀는데 이상없고 이대로 타도 괜찮았어요
안장높이나 이런건 자기가 조절하기 쉽고 다 좋았음"
25.05.11.,남성,,,5,잘 도착했어요:) 조립도 문제 없이 잘 됐습니다
25.05.11.,,,,5,디자인이 이쁘고  승차감도 좋네요. 굿
25.05.11.,남성,174cm,,5,가볍고 이동하기 편리합니다. 캠퍼스 내에서 주로 타고 다니는데 부담스럽지 않고 외관도 예빼서 만족합니다.
25.05.10.,,,64kg,5,생각보다 좋아요 그냥 편하게 타고 다니기 좋습니디ㅡ
25.05.09.,,,,5,좋아요 잘나갑니다 색상도 아주깨끗하고요
25.05.09.,남성,167cm,74kg,4,사용하기 좋아요.. 타이어가 조금 작아요
25.05.09.,,,,5,빠른 배송에 친절한 문의상담에 감사드립니다
25.05.09.,,,,5,조립잘되어서.바로 탈수있어 좋네요
25.05.08.,,,,5,좋은 제품 저렴하고 배송도 빠르게 해주시고 기타 서비스들도 많이 주셔서 좋아요 아이 어린이날 선물로 최고예요
25.05.08.,여성,150cm,39kg,5,"아이 선물로 줬어요
블랙했는데 세련되어 보이고 잘 타요
핸들 높이를 조절할 수 있어 좋아요"
25.05.08.,,,,4,만족해요 힌색이라 깔끔해요
25.05.08.,,,,5,배송이 빠르고 좋았습니다.
25.05.08.,,,,5,배송이 빠르고 좋습니다.
25.05.08.,,,,4,이뻐요 잘타고잇어요
25.05.07.,,,,5,"배송 받고 오늘 타봤는데
오랜만에 타서 그런지 너무 좋네요"
25.05.06.,여성,,,5,"초5 남아   어린이날 선물로 사줬는데 만족해합니다. 이쁘고, 휴대하기 좋고 타는것도 편해해요. 번창하세요"
25.05.06.,,,,5,보관도 편하고 디자인도 예쁘고 아주 만족스러워요
25.05.06.,,,,5,가성비 좋아요. 굿
25.05.05.,,162cm,52kg,5,"선택안함
좋네요 한강에서 잘 탔습나다~~!"
25.05.05.,,,,1,"다른브랜드를 끼워서 판매하는 것이 아쉽습니다 
사시는분들 잘보고사세요"
25.05.04.,,,,5,아무래도 택배배송이다보니 이정도의 까짐은 한두개 있더라구요~ 어차피 타다보면 스크레치도 생기기 마련이니 그냥 패수 ㅎㅎ 아이 어린이날 선물로 샀는데 배송도 빠르고 너무 좋습니다! 안장은 보기에도 아플거같아 추가구매해서 교체했는데 훨씬 낫네요
25.05.04.,,,,3,저렴하게 잘구매해서 잘타구있습니다 감사합니다
25.05.04.,남성,172cm,70kg,5,디자인이 멋있고 승차감이 좋아요!
25.05.03.,,,,5,아들이 너무 좋아하네요. 근데 택배차에 같이 실려있던 방수액이 터져서 박스가 다 젖어서와서 짜증이 좀 낫었네요
25.05.03.,,,,5,잘 타고 있습니다.
25.05.03.,,,,5,"안장이 엉덩이 아파요
나머지는 만족해요"
25.05.03.,,,,5,완조립인데 배송진짜 빨라요
25.05.02.,남성,177cm,88kg,5,"출근길이 가까워서 사봤는데 유용하구요
놀러갈때 접이식이라 차로 운반하기좋구 가볍네요 가성비좋은거같아요"
25.05.02.,,,,5,"잘타고있습니다.
기어변속이 좀 문제인데 정비는 한번 맞겨야될거같아요."
25.05.02.,여성,160cm,50kg,5,와이프꺼로샀어요 예쁘네요
25.05.02.,,,,5,"사고싶었는데
마음에 듭니다.
잘사용하겠습니다.
수고하세요"
25.05.02.,,,,5,좋아요~~~~~~~~~
25.05.02.,,,,5,잘 받았습니다. 감사합니다.
25.05.01.,여성,164cm,50kg,5,"미니벨로는 처음 타보는데요! 우선 배송이 하루만에와서 무척 기분좋게 포장을 풀고 조립을 하려고 했는데 왠걸,,반조립으로 주문했는데 거의 완조립으로 별로 주문할게 없었어요~~컴팩트한 사이즈가 너무 좋았고 무엇보다 너무 예뻐요! 휴일에 나들이 나가서 타봤는데요 너무너무 잘나가서 깜짝놀랐습니다, 문제는 저의체력이었죠~^^; 디자인 이쁘고 잘나가고 안살이유가 없는 자전거 입니다!"
25.05.01.,여성,150cm,40kg,4,"초등 4학년 아이 타기에 적당하고 
아이가 무척 좋아하네요"
25.05.01.,,,,5,꼼꼼한 포장에 가성비 좋습니다
25.04.30.,,165cm,,4,So so so good good 스크래치 있어서 좀 마음아픔 그리고 설명서는 반조립용이라 좀 부족함 부속품이나 뭐 이것저것 설명이 더 있으면 좋겠음 망고가 젤이쁨 그냥 마실용으로 대충 타야죠 이제 보니 스크래치가 큰게 또있네요. 하 이정도면 새상품이 아니라 리퍼네요. 귀찮아서 그냥탐
25.04.30.,여성,155cm,42kg,5,디자인 너무 고급지고 예쁩니다 밖에 나들이 갈때 가져가서 타고 있어요 초4 초6 남매 어린이날 선물로 샀는데 다들 너무 좋아라합니다~~~
25.04.30.,남성,150cm,32kg,5,일단 디자인이 너무 예쁘고 초4아들이 타기에 부드럽게 잘나갑니다 너무 고급져보입니다
25.04.30.,,,,4,시트가 왠지 불편하지만 나름탈만해요
25.04.29.,여성,160cm,54kg,5,30대인데 작년에 처음으로 자전거타는거배우고 일년간 안타다가 또 까먹을까싶어서 자전거 구매해서 연습해보려고 샀습니다~ 자전거에 대해 아는것도 없고해서 완조립으로 샀는데 대충 묶인거 다풀고 손가는대로 펴고 접었는데 잘됩니다. 타이어공기도 짱짱하고 흠집하나없고 좋아요. 다행히 안 잊고 잘 탔습니다~ 사용설명서에 접고펴고하는 설명이 따로 있다면 좋겠습니다. 젤저렴한 모델로 고른건데 망고색 예뻐요.
25.04.29.,,,,5,완조립이라 편하게 받아 첫날 시승 완료했습니다!! 예쁜 자전거 사야 오래탄다는 말이 있던데 말그대로 오래오래 탈 수 있을것같아요!! 넘 귀엽고 이쁩니다
25.04.28.,,,,5,빠른배송감사합니다 타다가 불편한거있으면 문의드릴게요
25.04.27.,,,,5,"이 가격대에 저는 대만족 합니다.
크기도 크고 휠타이어 사이즈도 안정감 있어요.
높이조절도 잘 되고 접이식도 편리해요
브레이크 방식이 림브지만 이 가격대에 잘 뽑혀서 나온것 같아요.
입문용 마실용 주말에 간단한 라이딩 등
로드나 엠티비 타실거 아니면
이거만한게 없을거같습니다."
25.04.27.,,,,5,아이에게딱맞는좋은자전거입니다
25.04.27.,,,,5,아이와 함께 타니 정말 좋아요
25.04.26.,남성,175cm,63kg,5,잘타고 다니고있어요 배송빠르고 ㅈ좋네요
25.04.25.,,,,5,예쁘네요 선물로 구매했어요
25.04.24.,,,,5,좋습니다 선물하려고 구매했는데 너무 마음에 들어하네요 사이즈도 괜찮고요 요청사항도 잘들어주셔서 감사합니다
25.04.24.,,,,5,핸들이 예민해서 엄청 잘돌아가요~ 적응이 좀 필요할것 같아요 그리고 이음새 부분이 티가 많이 나요 그외에 타이어와 구동계는 잘 되는것 같아요 한달 써보고 후기 남길게요~
25.04.24.,,,,5,사이즈 잘 맞고 색상 아주 좋습니다. 많이 파세요~~
25.04.24.,남성,178cm,77kg,4,"탄탄한 후레임과
접고 펴는게 쉽고 타 브랜드
대비 안정적입니다"
25.04.24.,,,,5,평일에는 시간이 없어서 주말에 잘 타고 있어요.
25.04.23.,,,,5,"처음 사는 접이식 자전거라 
무게는 생각보다 묵직하다고  생각했지만
컴팩트하게 접을수 있고, 적응해보니 괜찮습니다 
초등학생용으로 샀지마느 어른한테 더 잘 어울려 함께 타도 좋습니다"
25.04.23.,,,,4,접이식 레버가 고정이 안돼서 자전거가 계속 접혀요 구매하자마자 수리비용을 내고 고쳐야 하네요...
25.04.23.,남성,174cm,81kg,5,심플한 컬러에 예쁘네요~ 잘 타고 다니겠습니다
25.04.23.,남성,,,3,튼튼해보여요 튼튼해보여요ㅈ
25.04.23.,,,,5,아이 선물로 구매하였고 초등학생이 타도 괜찮은 사이즈입니다.
25.04.23.,,,,5,가볍고 이쁘고 반조립 쉬워오
25.04.22.,여성,158cm,45kg,5,가격대비 최고의 선택인 것 같습니다. 좋은 상품 감사합니다.
25.04.22.,여성,153cm,38kg,5,빠른배송 너무 좋아요
25.04.22.,,,,5,반조립 상태로 받았는데 조립도 쉽고 보관도 편합니다.
25.04.22.,남성,174cm,85kg,5,동네용으로는 좋아요 엉덩이 아파요
25.04.21.,,135cm,24kg,5,"선택안함
초3 아이 타려고 주문했는데 몸에비해 자전거가 아직 살짝 커보이긴한데 아이는 씽씽 잘 타요. 키가 좀 더 크면 더 안정감있게 탈 것 같아요."
25.04.20.,,,,4,"1.P7 완조립옵션 선택으로 주문했고 포장상태는 좋았으나 휠림과 V브레이크패드와 붙어서 바퀴가 양쪽다 잘 안굴러감ㅠ 설명서 보고 간섭조정해 봤지만 해결되지 않아 브레이패드 안쪽 너트하나 빼고 조립해서 해결함.(30분넘게 고생하고, 이럴거면 6만원주고 완조립옵션 괜히선택했음ㅠ)
2.별도로 티티카카몰 다른페이지에서 S머드가드 주문했는데 배송비3500원결재도 했는데, 자전거P7이랑 묶음배송해주셨음(3500원 날렸음) 머드가드앞바퀴쪽은 바퀴탈거후 장착이 가능한데 앞바퀴가 V브레이크패드와 붙어있어 쉽게 빠지지 않음ㅠ 결국 브레이크패드 풀어서 제거후 바퀴빼고 머드가드 설치함(이것도 30분 넘게 낑낑대다 왜 앞바퀴가 안빠지는지 확인하고 빼고 볼트조일려니 너트를 잡아줄 몽키스패너가 필요함 ㅠ 하~ 육각렌치는 자전거 조립하라고 동봉해준게 있었지만 너트를 잡아줄 몽키스패너 없어서 쌩쑈를 했음ㅠ )
3.결론적으로 자전거는 그냥 동네 샵가서 사는게 몸과 마음이 편함!"
25.04.20.,,,,5,"운동은 해야겠고 걷기는 싫어서 자전거 시켰습니다.
가볍고 잘굴러가서 주말 아침마다 타고 있는데 너무 만족스러워요 색깔도 너무 이쁘네요"
25.04.20.,,,,5,"중1 아들 이제 자전거 타고싶다고해서 
연습용으로 샀어요....
잘 타면 좀 큰거 사주고
엄마인 제가 타려구 샀는데 졸아요~~"
25.04.20.,,,,5,안전허고 깔끔하게 포장해서 보내주셔서 감사합니다. 싸이즈도 딱맞고 이쁘네요
25.04.20.,남성,178cm,85kg,5,안전허고 깔끔하게 포장해서 보내주셔서 감사합니다. 싸이즈도 딱맞고 이쁘네요
25.04.20.,,,,5,우리아이가 좋아해요 굳굳
25.04.20.,,,,5,너무잘산거같습니다~^^또 구매할거같아요^^
25.04.19.,남성,150cm,40kg,4,"아이가 좋아합니다. 초5인데 사이즈 딱 좋아요. 아이가 질리지만 않으면 오래 탈 수 있을 듯 합니다.
상위 버전인 플라이트와 비교해서 마감은 꽤 차이가 납니다."
25.04.19.,,,,4,좋아요 좋아요 좋아요
25.04.18.,,,,5,"배송도 빠르고 상품도 문제 없어요!
바람만 좀 더 넣어주고 조립도 쉬워요
포장 뜯고 귀찮으신 분들은 조립형을
보다 빨리 받고 싶으시면 비조립형으로 하세용!"
25.04.18.,,,,4,완조립으로 주문했는데 정말 빨리왔어요~ 동네에서 타려고 주문했는데 만족합니다
25.04.18.,남성,176cm,78kg,5,프레임이 견고하고 좋아요
25.04.18.,여성,164cm,64kg,5,"잘 사용하고 있어요 
가격도 저렴해서 좋아요"
25.04.18.,,,,5,접고펴기 편하고 좋아요
25.04.17.,,,,5,배달이 주문다음날 왔어요 굿 망고색 넘 맘에드네요  쨍한 노란색 !! 스크래치상품이라 저렴하게샀는데 쌔거같고 안장도 많이안딱딱하고 잘나가요 ㅎㅎ 잘탈게요~~
25.04.17.,여성,166cm,,5,스크래치 상품인데도 티도 안나고 너무 좋아요 출퇴근이 짧아졌어요!!
25.04.16.,,,,5,초4 아이 선물로 구매했어요 이쁘고 잘 나간다고 좋아합니다 핸들 연결부위가 중앙에 있지 않고 살짝 옆으로 비틀어져있는데 원래 그런거겠죠?
25.04.15.,,,,5,사진으로 보는 것보다 훨씬 좋아요 배송 빨라서 좋았습니다 다음에도 재구매할게요~ 감사합니다
25.04.15.,,,,5,생각했던 것 보다 좀 큰 느낌입니다 잘나가고 접을 수 있어서 공간 활용이 좋네요
25.04.15.,,,,5,생각보다 퀄이 좋아서 만족해요!
25.04.15.,,,,5,배송도 양호하고 제품 좋네요
25.04.15.,,,,5,아이 주려고 구입했는데 제가 타고 싶네요. 전체적으로 디자인 깔끔하고 바로 조립해서 타는데 7단으로도 약간의 경사 포함해서 잘 나가네요.
25.04.15.,,,,5,여자친구가좋아해요ㅎㅎ
25.04.14.,,,,5,오랜기간 로드타다가 아이아빠가 되면서 다 정리하고 마실용 티티카카 샀는데 가격도 저렴하고. 폴딩도 쉬운편이라 만족하고 있습니다. 화이트 색상이라 깔끔하네요. 카본타다가 오랜만에 들어본 자전거가 보기보다 무겁긴하네요 하하.
25.04.14.,,,,5,디자인 예쁘고 알루미늄 자전거 가성비 좋네요
25.04.14.,남성,172cm,88kg,5,"배송빠르고
완조립 옵션 선택했는데
따로 손 볼 곳 없이 와서
바로 탈 수 있어서 젛았습니다"
25.04.13.,남성,177cm,75kg,3,기어 7단 안들어가고 1단은  체인빠지고..  이럴려고 조립금액줘가며 주문한건 아닌데..다른분들한테는 그러지마세요
25.04.12.,,,,5,간편하고 디자인도 깔끔해요
25.04.12.,,,,5,간편하고 디자인도 깔끔해요
25.04.11.,,,,5,"가성비 좋아요 키 180정도 인데 안장 조정하니 문제없네요
제가 좀 타다가 초2 아들 줄 생각입니다 ㅎㅎ
핸드폰 거치대 등 부속품은 비추입니다
자전거는 나쁘진않은듯"
25.04.11.,,,,3,"조립을 잘 못하셔서 자전거 바퀴가 굴러가지 않고 손잡이 부분도 이상했어요 ㅡㅡ;; 
그래서 근처 자전거방으로 가서 다시 재조립했네요
완조립으로 추가금까지 주면서 했는데 바퀴도 안굴러가게 주시는거 보니 체크는 안하고 보내시나요?"
25.04.11.,,,,5,완조립 구매해서 박스 뜯자마자 한바퀴 돌아봤습니다.  동네 마실용으로 구입했는데 가성비 좋습니다.
25.04.11.,,,,5,감사합니다 잘 쓸게요
25.04.10.,여성,160cm,57kg,4,"배송 빠른 편이고 포장도 꼼꼼하게 왔습니다.
설명서 한번 훑어본 후 바로 풀러서 타봤네요. 
반조립이나  별로 조립할 거 없구요.부속품만 따로 검색해서 설치 해봐야 할 것 같습니다. 무게는 생각보다 있는 편이지만 이고 다닐 것 아니닌깐 괸찬고 그냥 한손으로 잡고가도 아주 부드럽게 잘 굴러 갑니다.받고 다음날 한 10킬로 정도 타봤고  좀 거친 시골길로도 갔는데문제없이 잘 가네요. 
단점을 몇 가지 적어보자면  발판이 좀 너무 잘 접혀요.주행하고 걷다 다시ㅠ주행하려는데 어디 부딧쳤는지 접혀저 있더라구여.접힌 줄모르고 탔다가 중심 잃고 넘어졌어요. ㅠㅠ 제 부주의함도 있지만  발판에 걸림 장치가 없어서  좀 너무 잘 접히는 느낌입니다. 탈 때마다 잘 확인해야 합니다.그리고 핸들이 너무 부드러워서 단단히 안 잡으면 획획 돌아가요.  초보라 중심 잡기가 힘들더라구요. 아주 약간만 빡빡했으면 합니다.마지막은 안장인데 한 20분 타면 엉덩이가 너무 아파요. 보조안장  추가 구매 꼭 해야할듯 합니다.그외는 20만원 대 자전거 중에는 가장 튼튼하고 견고한 것 같습니다. 유행안타는 깔끔한 디자인 너무 마음에 들어요. 더운 여름 오기 전까지 거의 매일 탈 예정입니다.  감사히 잘 탈께요~!"
25.04.10.,,,,5,"물건은 잘받았습니다.
조립이 잘안될것 같아서 조립된 상태로 구입 했습니다완조립품을 사면 바람도 넣어준다 해서 돈도 더주고 조립 상태를 구입 했는데 뒷타이어는 바람 넣고 앞타이어는 바람을 넣지 않은 채로 주셔셔 새로이 자전거가게 가야할 상황이였습니다.그리고 반사판이나 라이트를 주시면 어떻게 조립 해야하는지 설명서라도 넣어 두시던지 그냥 라이트랑 반사경만 넣어서 반사경 두개 위치가 어딘지도 잘모르고 라이트 위치도 잘몰라서 헷갈려서 자전거 가게 가서 새로이 조랍 하였습니다..조금만 더 신셩써주셨음 좋았을건데 조금 섭섭 했습니다.바람도 넣었는지 한번만 확인하면 다시 다른가게 갈일이 없었을텐데 말입니다~~"
25.04.10.,,,,4,배송 빠르고 물건도 싸고 좋은데 자전거를 검수를 안하고 보내셨는지 까져서 왔어요 ㅠ.
25.04.10.,,,,5,자전거 가격도 합리적이고 문제 발생 시 대응이 좋았어요
25.04.10.,여성,160cm,50kg,5,"동네 마실용으로 샀는데, 딱이에요
조립 잘 되어서, 안전하게 잘 배송 왔습니다"
25.04.09.,여성,156cm,51kg,5,약간 불안한 마음으로 주문한건게 이거 가성비 미쳤어요 자전거 너무 이쁘고 승차감 괜찮고요 가벼워 보이지 않고 단단한 느낌 이에요 반조립인데 거의 완전조립이나 마찬가지인 상태로 왔고 주문한지 이틀만에 받았답니다 완전 신나요
25.04.09.,,,,5,디자인 좋고 잘 달려주네요
25.04.09.,,,,5,매우 좋습니다. 잘 타겠습니다.
25.04.08.,남성,173cm,80kg,5,"일요일에 주문해서 화요일에 받았어요 
완조립에 포장 짱짱하게해서 배송짱!!!
3단으로 접는법도 원터치로 슉슉~!!"
25.04.08.,,,,5,자전거가 가볍고 튼튼해서 좋습니다^^
25.04.07.,여성,170cm,60kg,3,사진이랑 똑같고 가격대비 만족합니다. 불편한 부분은 기어변경하는게 좀 뻣뻣하고 자전거 세워두는 고정대가 페달과 꼬이는 부분입니다. 조립을 잘 못해서 보내주신건지 불량인건지 원래 그런건지 모르겠네요....
25.04.07.,여성,,,5,"완조립으로 구매
마실용으로 샀는데 좋아요
안장은 꼭  바꾸시길 잠깐 타도 엉덩이 아파 죽어요"
25.04.07.,,,,5,배송도 빠르고 꼼꼼하게 포장해서 보내주셨어요
25.04.06.,여성,163cm,57kg,4,완제품으로 오자마자 바로 탈수있어 좋았어요. 무광블랙 고급스럽고 포장잘되서 흠집없이 받았어요^^
25.04.06.,,,,4,배송이 빨라요 잘도착했습니다
25.04.06.,,,,5,아주 좋습니다!!!-!
25.04.06.,,,,5,배송도 빠르고 만족합니다
25.04.06.,,,,5,배송빠르고 제품도 좋습니다!!
25.04.05.,,,,5,배송 꼼꼼히 잘왔고 타기 좋아요
25.04.05.,,,,4,가성비 좋고 잘 접히네요
25.04.04.,남성,170cm,72kg,5,"문제없이 잘 도착했고 기어나 브레이크도 정상작동 잘 합니다
감사합니다"
25.04.04.,,,,5,빠른배송 & 가성비 너무 좋습니다.b
25.04.04.,여성,165cm,58kg,5,이만한 가격에 이만한 미니벨로 없죠. 그냥 사세요.
25.04.04.,남성,175cm,,5,색상도 이쁘고 접이식이라 보관도 편하고 좋아요
25.04.03.,남성,145cm,35kg,5,"아이 학교가 도보 통학시 시간이 오래 걸려서 구매했어요. 솔직히 중고생이면 모르겠지만 초등생 자전거로는 비싼데 디자인이 예뻐서 아이가 한 번 보니 뜻을 굽히지 않더라고요. 계획했던 예산에서 초과되는 금액은 아이의 세뱃돈을 더해서 구매했습니다. 실제로 받아보니 더 근사하네요! 평소타던 10만원대 자전거보다 견고한 느낌이 있습니다. 
맘에 드는 자전거를 자기 용돈을 더해 사서 그런지 아이가 더 아끼고 관리도 훨씬 잘 하는 것 같아요. 다만, 근사하다보니 사람들이 자꾸 쳐다봅니다."
25.04.03.,,,,5,제가 타다가 넘 괜찮아서 초등4학년 아들도 사줬네요~완전조립으로 주문해서 넘 편하고요~배송은 진짜 로켓배송인줄~박스에서 꺼내자마자 아들이랑 한바퀴 타고왔습니다~
25.04.03.,여성,145cm,34kg,5,"초등5학년딸 너무좋아 해요 배송도 빨르고
포장도 꼼꼼하고 반조립인데 90프로 조립해서오는거네요 너무좋아요!! 타이어 바람만 조금 더넣구 탔는데 잘나가구 특별히 점검 안해도 잘되네요 기어도 잘 올랐다가 내려가구 티티카카강추합니다!!  6학년 아들도 이거 사주고 싶은데 아들은 픽시를 원하네요ㅜㅜ"
25.04.03.,남성,170cm,59kg,5,"우리 고딩아들 이제아 자기 자전거를 타보네요
천식때문에 운동도제대로못하는데 바람을 느끼며 타는모습을보고싶네요
아.자전거 타는법을 먼저배우고 ㅎㅎ
색감너무예쁘네요
하루만에배송.완조립 너무편하고좋네요"
25.04.03.,,,,5,조립만해본상태인데 가격대비 포장이 꼼꼼히 잘되어있네요
25.04.03.,,,,4,디자인이 이쁘고 가볍네요
25.04.03.,남성,167cm,73kg,5,작고 가벼워서 좋네요
25.04.02.,여성,165cm,56kg,5,"TT카카 접이식 자전거 2대를 구매하였습니다.  신속한 배송에 만족하며, 특히 다수의 고객 리뷰를 바탕으로 구매 결정을 내릴 수 있었습니다. SUV 차량에 2대를 적재할 수 있어 편리합니다.  한 대는 서스펜션 장착 모델, 다른 한 대는 본 제품입니다.  다만, 두 대 모두 서스펜션 장착 모델을 선택했더라면 더욱 만족스러웠을 것이라는 아쉬움이 남습니다.  자전거 자체의 품질에는 매우 만족합니다.

마지막 사진에 보면. 휠 옆에 저거 뚜껑 떼야 됩니다"
25.04.02.,,,,5,"가볍게 탈 용도로 주문하였습니다.
자리를 많이 차지하지 않아서 좋구요..
우선 하나 주문해보고 아이들꺼와 더 구입할까 고민이었는데 더 구매해야 할거 같습니다.. ^^"
25.04.02.,,185cm,,5,"반조립 상태로 받았는데, 조립도 쉽고 이뻐요. 무엇보다 색이 정말 마음에 들어요."
25.04.02.,,,,5,아주아주 좋습니다. 감사합니다.
25.04.02.,,,,3,"신랑이 출퇴근때 운동 삼아 탄다고 구매했어요
잘 타고 있습니다"
25.04.01.,,,,5,자전거도 너무 이쁘고 가격도 좋아요~ 배송도 엄청 빨랐어요~~
25.03.31.,여성,169cm,51kg,5,저와 딸이 같이 타야해서 사이즈 때문에 고민 많았는데 둘의 크기에 맞게 조절이 가능한 점을 높게 평가합니다. 차에 실고 다니기도 편해요.
25.03.31.,,,,5,ㅎㅎㅎ 잼나게 잘 타는중♡
25.03.31.,,,,5,이쁘고 타기 좋아요
25.03.30.,,,,5,"안전하게 포장되서 도착했고 근처 샵에서 기어만 세팅 받았습니다
다크그린 색상 야외에서. 진짜 이뻐요!"
25.03.30.,,158cm,50kg,5,배송 빠르게 왓어요! 완조립으로 해서 포장 뜯고 정비 약간만하고 탔어요~~
25.03.30.,,,,5,괜찮아요 반조립도 거의 조립된 상태네요
25.03.30.,,144cm,45kg,5,"선택안함
6학년남아  자전거사줬는데 안정감있고좋아요"
25.03.30.,,,,5,가볍고 상당히 좋아요😀
25.03.29.,남성,143cm,33kg,5,"큰박스 안에 자전거 세밀하게 포장 잘해주셨네요.
재품 품질. 성능 모두 만족합니다"
25.03.29.,남성,174cm,77kg,5,"사은품으로 주시는 자물쇠도 잘 받아보았습니다.
입문자에게 추천드려요"
25.03.29.,,,,5,"배송이 엄청 빨랐고 스크래치 안나게 포장도 꼼꼼하게 잘해주셨어요~ 
매일 아주 잘타고 있습니댜"
25.03.29.,,,,5,디스크브레이크인줄알았는데 림브레이크네요
25.03.28.,,,,5,잘 타고 있습니다 접어서 차에도 잘 들어가네요 작아도 잘 굴러가고 좋네요
25.03.28.,,,,5,"안장이 조금 불편하긴하지만, 접고펴기 좋고~ 사이즈 조절이 간편해서 아이들과 함께 타고있어요~ 입문용으로 구매했는데, 더 상위모델구매해서 아이들과 함께 타보려 생각중입니다^^"
25.03.27.,여성,164cm,57kg,5,"하루 만에 배송왔는데 생각보다 더 예뻐요~~
동네에서 가볍게 탈려고 구매했는데 기분좋게 잘 탈것 같습니다
감사합니다^^"
25.03.27.,,,,5,배송도 빠르고 세팅도 잘되서 왔어요!
25.03.26.,,,,4,"자전거 너무 좋아요
프레임도 칠 까짐 없이 좋지만
자전거 그립이 찝혀 와서 좀 아쉽네요
그립은 타다가 나중에 교체도 가능한건가요?"
25.03.26.,,,,4,엄청 꼼꼼히 포장되어 와서 파손 없고 마감이나 도색도 문제 없이 왔어요. 접이식이라 보관 편하고 가볍게 타기 좋을 것 같아요.
25.03.26.,,,,5,아이와 함께 타려고 한대 더 추가했습니다 배송 빠르고 좋아요
25.03.26.,남성,138cm,40kg,5,접으니깐 엄청 작네요. 만족합니다
25.03.26.,남성,184cm,89kg,5,배송도 빠르고 좋아요
25.03.26.,,,,5,아이가 너무 좋아하네요~~^^
25.03.25.,,,,5,하루만에 배송되었어요 반제품으로 주문하길 잘했네요
25.03.24.,,,,4,좋아요. 문제 잇었지만 잘 처리됐어요.
25.03.23.,여성,164cm,67kg,5,일단 안장 조절 가능하고 기어변속 가능하고ㅡ트렁크에 잘 실려서 좋아요 접이식이라서 부피공간차지가 덜해서 좋네요 조립 잘되어서 왔고 문의사항에도 답변 잘해주셔서 좋았어요^^
25.03.23.,남성,173cm,68kg,5,"장인어른 자전거 고장나신거 타시길래 보내드렸더니 2시간 3시간 자전거 타시고 너무 좋다고하십니다

만-족"
25.03.23.,,,,5,아들이 사줘서 탔는데 편하네요
25.03.22.,,176cm,,5,"작을줄 알았는데 실제로 보니까
큼직하고 만족해요 ㅎㅎ"
25.03.22.,,,,5,배송빠르고 잘 도착했어요!
25.03.21.,,,,5,오래타니까 엉덩이가 아프긴한데 비조립으로 와도 간단하게 조립할 수 있어서 좋아요 한강 달리고 싶었는데 엊그제 점검 겸 달리고 왔습니다 예뻐요
25.03.21.,,,,5,반조립으로 주문 브레이크나 기어만 조정하고 탔는데 좋습니다
25.03.21.,,165cm,53kg,5,배송빠르고 마음에 들어요.
25.03.21.,남성,170cm,70kg,5,접이식이라 휴대가 매우 간편하고 접었을 때 가볍고 부피가 딱 좋습니다. 외관도 이쁘고 타기도 좋습니다.
25.03.20.,남성,135cm,35kg,5,"전에 a7 구입후 이번에 p7 구입했습니다.
a7은 키 125 아이가 타고 p7은 키 135 아이가 탑니다. 키가 기준치에는 미달이지만 최대한 탈 수 있게끔 맞춰서 타게 해줬는데 무리없이 잘 타긴 합니다만 아무래도 높은 턱은 조심해야겠지요.  무튼 키작은 아이들이 타기에도 괜찮은거같습니다. ^^"
25.03.20.,,,,4,저는 티티카카 브랜드인줄 알고 구매했는데 ㅋ 다른 브랜드였네요. 자전거 모르는 사람은 착각할 것 같습니다^^ 티티카카가 아니어서 좀 아쉽지만 잘 탈게요!!
25.03.20.,여성,160cm,70kg,5,꼼꼼하게 포장되어 잘 조립해주셨네요. 만족 합니다.
25.03.19.,,,,4,디자인 괜찮고 예쁘네요. 잘 타겠습니다.
25.03.19.,남성,175cm,60kg,5,엄청 잘나가는건 아닌데 짧은 거리 이동할때 좋아요
25.03.19.,남성,175cm,78kg,5,제품 좋아요 반조립인데거의 다조립되어있네요^^
25.03.19.,,,,5,좋습니당 열심히 타도록할게요
25.03.18.,남성,168cm,60kg,3,접이식  자전거라 싣고 다니기 편함. 보관도 편함.  근데 엄청 느리고 오르막 오르기 힘듬.
25.03.18.,,,,5,"저렴한 제품인데도 불구하고 
마감이 너무 좋습니다.
시운전 결과 대 만족합니다."
25.03.18.,,,,5,생각했던대로고 색상변경 되었는데 예쁘네요
25.03.18.,,,,5,모양도 예쁘고 타기 편해서 아주 가성비 좋은 제품으로 추천합니다.
25.03.17.,,,,5,지인한테 선물했는데 만족도가 좋았어요 :)
25.03.17.,,,,5,깔끔하니 잘 왔습니다.
25.03.16.,,,,4,"배송이 아주빨랐습니다.
다만 페이트 일부 벗겨져잇어 점수뺍니다.
알루미늄바디라 녹안생기겟죠?"
25.03.16.,여성,158cm,50kg,5,배송이 빨라서 좋았고 완제품 주문하여 바로 사용 할 수 있어서 좋았습니다. 불편한 부분 빠르고 친절하게 해결해주셔서 만족스러웠습니다.
25.03.15.,,,,5,와이프가 지하철역까지 거리가 좀 있어서 자전거 사달라길래 요거 사줬는데 잘타고 다녀요 ㅎㅎ 여자들이 타기 딱 좋아요~~
25.03.15.,,,,2,자전거 자체는 가볍고 잘 나가여 근데 제가 받은건 단 변경하면 체인자꾸 빠지고..남편이랑 한시간 동안 손 봤더니 좀 괜찮아 지긴 했어요
25.03.12.,,,,5,접이식이라서 공간을 차지않아서 좋아요!!! 디자인 성능 만족합니다!
25.03.12.,남성,,,5,저렴한 가격과 빠른 배송에 만족합니다.
25.03.11.,,,,5,빨리타보고싶네요!!!!
25.03.09.,,,,5,자전거 초급 입문 강추. 가볍고 색상이 예뻐요
25.03.09.,,,,5,"배송 빠르고, 파손없이 잘 받았습니다. 가격대 고려했을때 최선의 선택인거 같네여"
25.03.08.,,,,5,"좋네요
조립하기 편하고
뭐 이것저것 안 달린것도 있는것같은데
따로 뭐살게있지만 
전체적스로 만족해요
이쁘네요"
25.03.08.,,,,5,색상도 예쁘고 타기 좋아요
25.03.08.,남성,140cm,39kg,5,애가 넘 좋아하네요
25.03.07.,남성,172cm,72kg,5,"가성비가 끝내줍니다! 
프렘 디테일이 좋고.. 
힌지 부분이나 아주 저가 부품이 아니라서 너무 좋습니다.
타이어도 괜찮고. 직장동료랑 3가지 색상을 구매했는데... 고급진 무광이라 다혼 부럽지 않습니당.."
25.03.07.,남성,172cm,72kg,5,"가성비가 끝내줍니다! 
프렘 디테일이 좋고.. 
힌지 부분이나 아주 저가 부품이 아니라서 너무 좋습니다.
타이어도 괜찮고. 직장동료랑 여러대 구매했습니다. 모두 좋아합니당.. ^^"
25.03.07.,남성,172cm,72kg,5,"가성비가 끝내줍니다! 
프렘 디테일이 좋고.. 
힌지 부분이나 아주 저가 부품이 아니라서 너무 좋습니다.
타이어도 괜찮고. 직장동료와 같이 라이딩이라 여러대 구매했습니다. /^^"
25.03.07.,남성,172cm,72kg,5,"가성비가 끝내줍니다! 
프렘 디테일이 좋고.. 
힌지 부분이나 아주 저가 부품이 아니라서 너무 좋습니다.
타이어도 괜찮고. 다만 변속셋팅은 순정에서 순조롭지 않습니다. ^^;;"
25.03.07.,남성,172cm,72kg,5,"가성비가 끝내줍니다! 
프렘 디테일이 좋고.. 
힌지 부분이나 아주 저가 부품이 아니라서 너무 좋습니다.
타이어도 괜찮고. 할인을 계속해 주세욤. ^^"
25.03.07.,남성,172cm,72kg,5,"가성비가 끝내줍니다! 
프렘 디테일이 좋고.. 
힌지 부분이나 아주 저가 부품이 아니라서 너무 좋습니다.
타이어도 괜찮고. 직장동료랑 여러대 구매했습니다. 모두 좋아합니당.. ^^"
25.03.07.,남성,,,5,저렴한 가격과 빠른 배송에 만족합니다.
25.03.07.,남성,176cm,75kg,5,미니벨로 자전거를 찾고있었는데 사이즈도 가격도 딱 맞는 자전거를 찾아서 너무 마음에들어요!
25.03.07.,여성,166cm,57kg,5,여자가 들기엔 좀 무거운데 접고 타고하기에 좋아요!
25.03.07.,남성,173cm,65kg,5,사이즈 생각보다 괜찮아요
25.03.06.,,,,5,"날씨가 따듯해서 운동할려고샀는데
예쁘고 타기좋아요 ~"
25.03.06.,,,,5,배송도빠르고 좋아요
25.03.05.,여성,160cm,,5,배송도 엄청 빠르게 왔고 완제품으로 주문했는데 파손 문제 없게 포장이 정말 정말 무지무지 꼼꼼히 잘되어 왔습니다 . 스티로폼 뜯고 펼치기만 하면 되어서 완전편함 굳 ㅋㅋ 접이식인데도 이음새가 튼튼하고 견고하다는 느낌을 받았어요 ! 안심하고 탈수 있을거같아요. 그리고 무지 무지무지 가볍습니다!!! 확실히 가벼운게 기동성이 최고네요!! 진짜 너무 잘타고다닐거같아요 감사합니다
25.03.05.,여성,165cm,50kg,5,"배송이 무척 빠르구요 완제품으로 와서 좋았습니다
다만 사은품 반사등이 밑부분이 깨져서 왔어요 요거하나 재배송요청하긴 서로 번거로울것같아 그냥 흐린눈했습니다
고장날때까지 열심히 타볼게요^^"
25.03.05.,,,,5,"선택안함
가볍고 디자인도 이쁩니다 와이프가 맘에들어합니다"
25.03.03.,,,,5,접이식 자전거에 알맞게 보관이 아주 편리해요
25.03.03.,남성,130cm,27kg,5,디자인 이쁘고 만듬새도 좋아요
25.03.01.,,,,5,주변 마실다니기 좋아요
25.02.28.,,,,5,"날 좋아지면 남자친구랑 타려고 구매했어용
남친이 점검했는데 브레이크패드만 조정하고 기어변속 잘 되고 좋다고 하네요 ㅎㅎ
빨리 봄이 왔으면 좋겠어요><"
25.02.28.,,,,5,"날 좋아지면 남자친구랑 타려고 구매했어용
남친이 점검했는데 브레이크패드만 조정하고 기어변속 잘 되고 좋다고 하네요 ㅎㅎ
빨리 봄이 왔으면 좋겠어요><"
25.02.28.,,,,5,가성비가 좋네요 이 가격에 만족스런 자전거입니다
25.02.28.,,,,5,엄청 잘나가요 만족합니다
25.02.25.,,,,5,"색깔이 아주 이쁘고 ㅎㅎ
튼튼해요!!
합리적인 가격에 잘 산거같아요
안장은 바꾸는걸 추천할게요 ㅋㅋ"
25.02.25.,,166cm,58kg,5,"승차감이 너무좋아서 깜짝놀랐어요
접고 펴기도 쉽고 잘타고다닐것같아요"
25.02.21.,,,,5,"남표니랑 짝으로 맞췄어요
넘 귀엽고 예뻐요"
25.02.21.,,,,5,접이식이고 가격대비 튼튼해서 맘에 들어요
25.02.21.,남성,173cm,70kg,5,"핸들 각도를 조절할 수 있어서 편하고, 견고한 프레임에 기어도 부드럽게 잘나가네요. 다양한 악세사리를 거치할 수 있는 나사홀이 많아서 좋네요."
25.02.21.,남성,138cm,45kg,5,초등학교2학년 아이 사줬는데 너무 좋아하네요!
25.02.20.,남성,171cm,70kg,5,"가볍고 접이식이라 너무 편해요 ㅎㅎ
차에 넣고 여행하러가서 타려구요"
25.02.18.,여성,164cm,50kg,5,배송도잘왔거 제품도 좋아보여요 잘탈게요
25.02.17.,,,,5,.  .  .  .
25.02.15.,,,,5,자전거집에서 점검 한번 받고 잘 타고 있어요
25.02.14.,,,,5,"아들이 사줬는데 아빠가 아주 잘 좋아하네요. 
땅이 질어서 아끼느라 오늘은 묵어놨어요."
25.02.14.,남성,,,5,"사진이랑똑같고 괜찮아요
잘쓸거같습니다"
25.02.11.,,,,5,"키 140 초반 아이라 클까봐 걱정했는데
생각보다 괜찮네요! 
이 가격에 이정도 퀄리티라니 대만족입니다^^
아이도 아주 맘에 들어하네요~"
25.02.11.,,,,5,"키 140 초반 아이라 클까봐 걱정했는데
생각보다 괜찮네요! 
이 가격에 이정도 퀄리티라니 대만족입니다^^
아이도 아주 맘에 들어하네요~"
25.02.11.,,,,5,배송이 새벽에와서 놀랬습니다. 마감상태도 좋고 디자인도 예쁩니다
25.02.11.,,,,5,마실용으로 이만한게 없네요
25.02.08.,남성,164cm,77kg,5,상품 상태 아주 만족합니다 반조립인데.. 거의 완조립이네요~ 안장은 좀 불편해서 교체추천해요
25.02.07.,,,,5,"트렁크 싣고 다닐 목적으로 구매했는데, 잘 들어갑니다 감사합니다"
25.02.05.,,,,4,"출퇴근용으로 잘 쓰고는 있는데요
진짜 안장은 개별로임........ ㅠㅠ 엉덩이 개아픔"
25.01.26.,,170cm,53kg,5,조립잘해주셔거 조아요
25.01.23.,,,,5,매우 만족합니다. 추천합니다.
25.01.21.,남성,177cm,76kg,5,전철역까지 이동할 목적으로 미니벨로가 필요했습니다. 가격대비 훌륭한 티티카카를 알게되었고 사이즈 색깔 다 만족합니다~ 빠른 배송도 좋았습니다~  안전히 잘 타겠습니다~
25.01.20.,,,,5,초보가 타기 좋아요
25.01.19.,,,,5,빠른배송 감사합니다
25.01.18.,,,,5,사이즈도 딱이고 포장도 튼튼 너무 만족합니다 ㅎㅎ
25.01.15.,남성,,,5,생각했던것보다 편해서 자주 타게 되네요ㅎㅎ
25.01.15.,남성,145cm,31kg,5,"완전 조립으로 받아서 바로 탈ㄹ수 있어 좋았구요...초등학생 키140 중반인데 조금 커서 좀 더크면 타야 할듯 합니다.. 디자인, 색감, 편의성  다 좋습니다."
25.01.09.,,,,4,"빠른배송~! 초코색 예쁘네요
반조립인데 거의 다 조립된 것 같아요"
25.01.09.,,,,3,동네 마실용으로 좋긴 한데. 뭔가 아쉬워서 이것저것 튜닝중입니다ㅋㅋ
25.01.07.,여성,166cm,54kg,5,마실용으로 딱 좋아요
25.01.06.,남성,170cm,75kg,5,좋아요 귀엽고 이쁩니다
25.01.06.,,,,5,앞으로 가는 직진성도 좋고 키 175인데 탈만해요~
25.01.05.,여성,145cm,30kg,5,초등학생 딸아이용으로 구매했습니다! 반조립으로 주문했는데 조립도 거의 되어서 배송되어 편하네요!
25.01.05.,,,,5,가족들 다같이 라이딩하려고 구매했는데 만족스럽습니다 생각보다 큽니다 구매하실때 고려하시길
25.01.01.,여성,,60kg,5,좋습니다 개인 자전거 굿
24.12.31.,,,,4,"전조등은 많이 빛이 약해서 디자인용으로 보는게 더 좋을 듯 합니다.
나머지는 다 좋아요"
24.12.30.,,,,5,아주 잘타고 있습니당  엉덩이가 아파요
24.12.29.,여성,158cm,59kg,5,"자전거 잘탔어요
날씨가추워저서 안타곤있지만 핸들이랑 안장높여서타면 기분이너무 좋아요
잘산거같아요
이제5학년되는 아들도 너무좋사고하네요
같이탈수있는 자전거라 더좋아요 
따뜻한 봄이 빨리왔으면 좋겠어요"
24.12.27.,,,,5,원래 티티카카에서 미니벨로 샀었는데 넘 만족해서 추가로 또 구입했어요. 이 미니벨로도 국토종주까지 했는데 적당한 무게에 승차감도 좋고 잘나가고 너무 만족합니다. 다만 안장은 예전에 샀던 모델이 훨씬 편하긴하네요. 저처럼 국토종주하면서 오래타기는 좀 딱딱해서 안장만 새로 바꾸면 될 것 같아요.
24.12.26.,,168cm,49kg,5,바로 보내주셨고 딸아이크리스마스 선물인데 좋아하네요
24.12.25.,남성,143cm,32kg,5,좋습니다~~~~ 만족
24.12.24.,,,,4,딸래미가 너무좋아합니다
24.12.23.,,,,5,너무 만족스럽네요. 재구매 의사 있습니다~
24.12.23.,남성,171cm,69kg,5,제품 이상없고 잘 타고 있습니다
24.12.21.,남성,170cm,67kg,5,배송 정망 빠르고 이가격에 이런 자전거 없어요 !! 굿굿굿
24.12.19.,남성,173cm,75kg,5,접이식이라 차에 넣을 수 있어서 좋습니다. 안장은 다른걸로 교체했고요. 손잡이가 저한테는 잘 안 맞네요
24.12.18.,,,,4,"캠퍼스 내에서 사용중인데 직진 주행성 좋습니다.
3개월 지난 현재 무난하게 사용중입니다."
24.12.16.,,,,4,우선 깔끔하고 만족스럽습니다.
24.12.15.,남성,170cm,68kg,5,잘타고 있어요 ~ 감사합니다
24.12.15.,,,,5,. . . . . .
24.12.14.,,,,5,초5년 학생이 타는데 너무 좋아하네요.
24.12.12.,여성,164cm,52kg,5,가성비좋고 무난하게 만족하며 탈만합니다^_^
24.12.11.,남성,174cm,75kg,5,품질 좋고 아주 이쁩니다.
24.12.10.,,,,5,"이동편하고, 넘크지않아 보관하기 좋고 잘타고 다녀요"
24.12.09.,,,,4,좋아요 사고 2번 사용했습니다. 재구매각입니다.
24.12.08.,,,,5,이쁘고 맘에듭니다 동네다닐때 너무 좋아요
24.12.08.,,,,5,편하고 좋습니다이~
24.12.04.,,,,5,만족하면서 타고 있습니다. 안장은 좀 아프긴한데 자전거의 한계 같기도 해요! 크기나 성능 만족합니다~!
24.12.04.,,,,5,좋아요 잘 쓰고 있어요
24.12.03.,,,,5,예뻐요!! 접을수있어서 공간차지도 덜하고 너무 좋아요!!
24.12.02.,,,,5,감사합니다 잘타고있네요
24.12.02.,여성,,60kg,5,제품이 튼튼하고 괜찮습니다
24.11.30.,,,,5,아이가 너무 좋아합니다. 접이식이라 보관하기도 좋아요~
24.11.30.,,,,5,산책하면서 타게 딱 좋습니다 저말고도 누나랑 같이 타는데 귀엽다고 잘샀다거 하네여!
24.11.30.,,,,5,정말 괜찮은 상품이에요.
24.11.28.,,,,3,딱히 좋지도 나쁘지도 않습니다
24.11.26.,,,,5,"포장이 꼼꼼하게 잘 되어서 도착했어요.
아들과 같이 가볍게 타려고 구매했고 만족합니다
같이 온 안장은 너무 딱딱하고 불편해서 교체했어요."
24.11.23.,여성,158cm,58kg,5,자전거 생각보다 이쁩니다. 가벼운 나들이 가능하고 부피도 작아서 아주 좋아요.
24.11.23.,남성,178cm,90kg,5,해비한 저도 잘 견뎌주슨 튼튼한 친구
24.11.20.,,170cm,,5,"초6아이 선물로 사줬는데, 너무 만족합니다~"
24.11.20.,,181cm,,5,"아주 좋아요
승차감도 짱"
24.11.19.,,,,5,"초등학교 4학년 아들주려고 구매했어요
아들이 너무멋있고 졸다고 오자마자 타로나가네요
안장커버 구입해서 씨워줬어요
가방도 인터넷에서 구입했구요
이런부자재두 구성품으로 판매하면 좋을꺼같아요
저렴한가격에 잘삿구요 
감사합니다 번창하세요^^"
24.11.19.,,,,5,"실제로 본게 아니라 고민하다
구입했는데 손잡이쪽에
약간의 스크레치는 있었어요ㅠㅠ
그래도
접이식이라 편하고
자전거도 예쁘고 마음에들어요^_^"
24.11.17.,,,,5,승차감 좋고 브레이크 흠잡을 데 없고 핸들바도 좋은 건지 손목 안 아프네요. 타이어가 조금 아쉬운데 주행속도 더 빠른 거 원하시는 분은 타이어 교체하시는 걸 추천합니다. 가격도 그렇고 미니벨로 입문용으로는 딱입니다.
24.11.16.,,,,4,"반조립으로 받아 어렵지 않게 조립했습니다.
 사은품 라이트 볼트가 다안들어가서 와셔끼움요
변속 1단 안됨 고쳐야할거같아요"
24.11.16.,,,,5,"잘 샀다고 생각하는 티티카카 자전거:-)
사실 접이식으로 쓰지는 않고 거의 항상 펴 놓은 상태로 쓰지만 예쁘고 튼튼하고!"
24.11.15.,남성,170cm,75kg,5,"사진하고 같구요.색이 너무 이쁘네오ㅡ
바구니까지 장착 잘했어요"
24.11.15.,,,,5,너무 만족스럽네요. 재구매 의사 있습니다~
24.11.15.,,,,5,너무 편하게 잘 타고있어요
24.11.14.,,,,5,"딸 자전거 바꿔줬는데 사이즈 딱좋고
키좀 커도 오래 탈수 있겠습니다"
24.11.14.,남성,173cm,80kg,5,좋아요 편하고 굿굿
24.11.13.,,,,5,"티티카카 P7은 가격 대비 준수한 성능을 제공하는 입문용 접이식 자전거입니다. 출퇴근용이나 가벼운 레저용으로 적합하며, 특히 처음 자전거를 시작하는 분들에게 좋은 선택이 될 수 있습니다. 다만, 장기적인 사용을 고려한다면 부품 교체 및 유지보수 비용을 감안해야 합니다. 고급 사양을 원하거나 더 긴 주행을 계획하는 분들은 상위 모델을 고려해 보는 것도 좋을 것 같습니다"
24.11.13.,남성,175cm,71kg,5,출퇴근용으로 가볍게 탈 수 있는 자전거로 구매하였습니다. 기대이상 입니다!
24.11.12.,,,,5,아이랑 와이프가 타는데 너무 좋아해서 저도 좋아요
24.11.12.,남성,170cm,75kg,5,"좋아요 실물이 더이뻐요
하나더 구매하러 갑니다~~"
24.11.12.,남성,175cm,69kg,2,딱 그가격대에 품질입니다.
24.11.12.,,,,5,추천합니다. 좋아요.
24.11.11.,,,,5,"받아서 주말 라이딩했는데 편안하게 잘 탔습니다
색감도 너무 이쁘네요"
24.11.11.,,,,5,좋아요 조아 ㅎㅎㅎ
24.11.10.,여성,160cm,50kg,5,"키160에 50키로인데 크기가 딱 좋아요!
사은품으로 자물쇠랑 땡땡이벨 클레식등을
받았구요.
옵션으로 바구니랑 후미등이랑 이것저건 추가했는데
바구니가 정말 실용적이고 좋아요.
디자인도 깔끔하고 고급스럽구요.
아직까진 단점을 모르겠네요"
24.11.08.,,,,5,"색상이 잘못왔지만
빠른 대처와 응답에 만족했습니다
산책.마실용으로 구매하였는데 넘 만족합니다~!
초등 아이와  함께 타기에도 가성비가 좋으며
접을수도 있어 실용성 좋습니다"
24.11.08.,,,,5,미닙벨로라서 작을줄 알았는데 생각보다 크네요 와이프가 잘타고 있습니다 좋습니다
24.11.07.,,,,3,"상품 설명에 있는 내용 그대로 이고, 배송이 빨라요. 다만, 뒤쪽 스테이쪽에 돌빵 맞은 것처럼 페인트가 까진 부분이 있었는데 이건 아쉽네요."
24.11.07.,,,,5,배송빠르고 이뻐요 허렴해서그런지 부품이 고가품과 조금 다른데 가성비 좋습니다
24.11.06.,남성,142cm,40kg,5,"아이가 좋아합니다. 
리퍼브라 스크레치가있나했는데 신경쓰일정도는 아니었구요. 
핸들과 앞바퀴 정렬이 틀어져있어 조정해서 탑니다."
24.11.06.,여성,143cm,32kg,5,좋습니다~~~~~~~~~~
24.11.04.,,,,4,"반조립 상품 구매,박스에서 꺼내 포장지 제거후 접힌부분 설명서 보고 펼쳐주니 끝~나사같은데 한번더 체크해주고 타이어 공기압 체크,따릉이 달고, 후미등 달고 ,기아 변속 시승하면서 변속 해주니 어려울거 하나 없네요~^^
안장도 딱딱해서 다이소에서 안장커버 사서 씌우니 푹신해요 ㅎ
딸아이가 잘 타고 좋아합니다~^^"
24.11.04.,여성,151cm,50kg,5,여자 성인 자전거 이제 막 배워보려고 샀는데 너무 이쁘고 맘에 들어요.
24.11.04.,,,,4,좋아요 재구매각입니다
24.11.04.,,,,5,차량에도 실리고 정말 좋습니다
24.11.03.,남성,164cm,75kg,5,"잘 왔네요, 잘타게쑵니다!"
24.11.01.,,,,5,9살아이 타기에  조금 큰듯하지만 연습하니 금방타네요. 접이식이라 좋습니다
24.11.01.,,,,4,"잘나가고 튼튼해서 좋네요.
첨엔 기어변속 트러블 있었지만
고쳤더니.  변속도 잘됩니다."
24.10.31.,,,,5,쭉쭉 잘 나가네요. 저희아이가 너무 좋다고 배송도 빠르고 주말이 기대된다는군요.
24.10.31.,,,,5,잘 타고 있습니다!!
24.10.31.,,,,5,가벼워요. 다른 후기처럼 안장이 많이 불편하네요
24.10.31.,,,,2,볼트 조았는데 손잡이가 자꾸 내려가요
24.10.28.,,,,5,잘 굴러 갑니다~~
24.10.27.,여성,158cm,54kg,5,"가족라이딩때도 타고, 혼지 운동하러 공원 가서 타요~^^ 너무 잘 샀어요! 가볍고 좋습니다
대만족! 고민은 시간만 늦출뿐 입니다 ㅎ"
24.10.26.,,,,5,"아주편안해요.
아주 좋습니다"
24.10.26.,,,,5,배송이 빨라서 좋았어요. 괜찮은 편이에요
24.10.25.,,,,5,"생각보다 무게는 있었지만 불편할 정도는 아니에요~
가격대비 잘 산 것 같아요!"
24.10.25.,,,,5,여전히 잘 사용하고 있습니다. 승차감이 좋습니다
24.10.25.,남성,174cm,75kg,5,생각보다 품질도 좋고 이쁘네요.
24.10.23.,,,,5,빠른배송 감사합니다.
24.10.23.,,,,5,좋습니다.좋습니다.
24.10.21.,,,,5,"색이 정말 예쁘네요 ~ 디자인도 예뻐요 
조립해서 받아서 편하고 좋습니다. 
출근용으로 타고 다니고 있습니다. 
가운데가 접어져서 차에도 잘 실리네요"
24.10.21.,,,,5,작은사이즈로 접혀서 공간활용에 좋아요. 출퇴근시 가끔 타는데 잘나가고 좋습니다.
24.10.20.,,,,4,배송도 빨랐고  반조립이지만  셀프로 쉽게  마무리할 수 있었어요.다만 바퀴때문에 문제가  좀 있었지만  친절히 응대해주셔서  지켜보면서  타고 있습니다.
24.10.20.,,,,5,아이랑 같이 타려고 샀어요 잘 탈게요
24.10.19.,,,,5,"초3 남자아이
네발자전거 건너뛰고 바로 친구껄로 두발을 타길래 사줬어요
어린이용은 너무 어린이틱하고
바퀴 큰건 좀 위험해보이고
이것도 살짝 크긴 하지만 안장 최대로 낮춰주니까 잘 탑니다
안장 높이면 성인 여성(172cm)도 충분히 가능해서 한대 더 살까 고민중이에요 ㅋㅋㅋ"
24.10.18.,,,,4,블랙으로 구입했는데 하나 더 필요해서 추가 구입했어요 아들이 만족해 하네요
24.10.18.,,,,5,"생각외로 잘 가서 만족하고 타고있습니다. 단, 사은품으로 온 벨과 자물쇠는 바로 고장나서 교체했습니다. 참고하시면 될 꺼 같습니다."
24.10.18.,,,,5,집인근 마실 나갈때 타기에 최고입니다.
24.10.17.,,,,5,배송빠르고 컬러이쁘고 좋아요
24.10.16.,여성,168cm,68kg,5,"접이식 자전거가 필요해서 검색하다가 후기많고 디자인 맘에 들었어요
베이지색인데 연한 카키색 느낌도 나고 원하던색상이라 다행
요거좀 타다가 경량카본 접이식으로 갈아타고싶네요 
무거워서 접고 옮길때 좀 힘들어요

90프로 조립식
타이어 바람넣었고
손잡이 브레이크손잡이 돌렸고
조명반사판달았고
그 외 뭐해야될지 몰라서 그냥 탔는데 괜찮아요"
24.10.16.,,,,4,배송빠르고좋아요!!
24.10.16.,,,,4,이쁘고 잘 맞아요 잘 그매한것 같아요
24.10.16.,,,,5,배송 빠르고 좋아요
24.10.16.,남성,142cm,42kg,5,아이가 연습중인데 만족해해요
24.10.16.,남성,177cm,63kg,5,좋아요.잘 나가요!
24.10.15.,여성,160cm,45kg,5,"배송 빠르고 상품 이상 없습니다
많이 파세요"
24.10.15.,,,,5,딸래미가 엄청 좋아해여!
24.10.15.,,,,5,좋아요 좋아요 좋아요
24.10.14.,,,,5,빠른배송 감사합니다
24.10.12.,여성,160cm,47kg,5,"조립도 잘해서 보내주셨고 상품 이상없이 기어변속 잘됩니다
색깔도 맘에들고 서비스 물품들도 너무 맘에 드네요
감사합니다 많이파세요"
24.10.12.,,,,5,"가볍고 좋아요
마실용으로 타기 좋습니다"
24.10.12.,,,,4,배송과정에서 파손이 있었지만 해결해주신다고하시니  빠른대처가좋습니다
24.10.10.,,,,4,차량에 실려서 좋습니다
24.10.10.,,,,4,"배송만족합니다
기어변속시 튀는부분이있는데 조절이 필요할거같네요
색상은 좋아요
잘 타겠습니다."
24.10.10.,,,,5,좋아요. 추천합니다.
24.10.09.,,,,5,완전 마음에 듭니다.산책용 가벼운 운동용으로 딱 좋습니다. 고급져요.
24.10.09.,남성,171cm,70kg,5,동네 마실용으로 타기 적당해요
24.10.09.,,,,5,깔끔하게 이쁜데 튼튼함
24.10.08.,남성,173cm,80kg,5,"헬스장 갈려고 샀는데  진짜 딱 좋아요 기름값도 세이브~~
그런데 사은품 은색 라이트같은거는 어디에 다는건가용? ㅠㅠㅠ 그거를 바구니 끼우는곳에 달앗는데 고정이 잘안되네용 알려주세요"
24.10.08.,,,,5,티티카카 처음 타보는데 좋네요 추천!
24.10.08.,,,,4,좋아요~~~~~~~
24.10.07.,남성,135cm,28kg,5,키 135 남아 안장 최저로 낮추어 사용중입니다. 안장과 핸들 높이 조정이 쉬워 성장기 아이에게 딱 좋은 자전거네요.
24.10.07.,,,,5,"6에서7단 가는게 퍽퍽하네요
수리해서 청구하면 해결해준다했으니 좋네요"
24.10.06.,,,,5,"아이가 자전거 타는걸 좋아해서 같이 타려고 구매했어요. 
생각보다 귀엽고 이쁘네여~ 화이트라 깔끔하고 타보지는 안았지만 기대하고 있어요! 실사용 한달 후기 남길게요!
반조립했는데 어렵지 않았고 16인치랑 고밍하다 20인치 샀는데 제 덩치에는 20인치가 ^^;; 아무튼 맘에 듭니다!"
24.10.06.,,,,5,"따릉이만 타다가 구매했어요 
이쁘고 잘나가는 자전거 만족합니다
초보자가 타기에 무난해요 
175,165두사람 타기 편해요"
24.10.06.,,,,5,좋아요 조아 ㅎㅎㅎ
24.10.06.,여성,162cm,50kg,5,와이프것을 사주었는데 잘 타고다닙니다. 좋습니다. 이미지보다는 자전거가 좀 큽니다. 참고하세요.
24.10.06.,,,,5,다음에도 계속 이용할게요
24.10.05.,,,,5,사용하기 좋아요~~  잘 탈께요~
24.10.05.,,,,5,우리 딸랑구가 많이 좋아합니다
24.10.05.,,,,5,이뻐요 멋지게 타고 나닐께용
24.10.04.,남성,175cm,82kg,5,배송도 빠르고 잘 조립해 주어서 편리하게 사용했습니다~ 3만원 주고 조립하길 잘한거 같아요~ 승차감도 좋고 가격배비 만족 합니다
24.10.04.,,,,5,트라이폴드 자전거 티티카카 유명해서 사봤는데 잘샀어요.
24.10.02.,,,,5,출퇴근용으로샀는데 생각보다 잘나가고 너무좋아요!
24.10.01.,남성,173cm,66kg,5,"디자인도 좋고 평지에서 타기 좋아요
또한 잘 조립해주셔서 편하게 탔어요"
24.10.01.,남성,168cm,57kg,5,잔고장 없고 잘나감. 동네 다닐때 매우 좋음
24.10.01.,,165cm,,3,"완조립으로 배송받아 바로 탈수있어요!
하지만 여자 혼자 자전거 꺼내기엔 무겁 ..."
24.10.01.,여성,157cm,48kg,5,좋아요좋네요조아요로
24.09.30.,,,,5,"회색이랑 고민하다가 흰색으로 샀는데 정말 좋아용!!ㅋㅋㅋ 잘나가고 귀엽습니다. 반조립으로 샀는데, 거의 완성돼서 왔습니다! 그래도 좀 걱정되긴 해서 동네 자전거 가게 가서 점검받았습니다.

장점은 귀엽고 가벼워요! 크기도 적당합니다! 딱 공유자전거 있잖아용 어플로 대여하는, 그 사이즈 입니다!  
단점은 안장이 좀 엉덩이가 아프고, 사은품들이 좀,,, 벨은 그냥 달그락 소리가 나고, 자물쇠도 가위로 잘리지 않을까? 싶을정도로 얇습니다! 자전거 자체는 매우 만족해용"
24.09.30.,,,,5,아내가 타려고 자전거를 샀어요. 아내가 자전거를 대 만족합니다. 저보고도 타보라고 하는데 내일 휴일에 좀 타보려고 합니다^^ 좋은 물건 감사합니다
24.09.30.,여성,158cm,50kg,5,사이즈 적당하고 잘 나갑니다
24.09.30.,여성,153cm,60kg,4,적응하면 더 편할듯해요^^
24.09.29.,,,,5,색상도 이쁘고 배송도 빨라요. 마음에 들어요.
24.09.29.,,,,5,"좋아요, 타기 괜찮아요"
24.09.28.,,,,5,"빠른배송, 꼼꼼한 포장 좋아요"
24.09.27.,,,,4,"우선 배송 아주 빨라서 좋았어요! 색상은 생각했던게 아니라 실망했지만 고급스러운 느낌은 있습니다~ 자전거 아무것도 모르는 여자인데 유튜브믿고 반조립으로 구매했는데.. 잘한거같아요 ㅋㅋ 타이어 바람좀 넣구 브레이크 세팅말곤 할거 없었지만 브레이크세팅이 살짝 헷갈리긴했어요ㅋㅋ 근데 유툽 몇개 보면 이해됨! 그리고 같이 구매한 리어랙은… 유튜브에 제가 이해하기 쉬운 동영상이 없어서 그냥 신랑 기다릴까하다가.ㅋㅋㅜ 후기랑 같이 찾아보면서 설치했어요~ 저는 설치의 어려움보다는 도대체 어느 구멍에 끼워야하는건지가 헷갈렸구요., 어찌저찌 찾아서 보내주신 렌치랑 집에있던 드릴, 몽키 사용해서 설치했답니다! 추워지기전까지 잘 타보겠습니당 ㅋㅋ!!"
24.09.27.,,,,2,"애초에 온라인에서 사면서 점검받을 생각이었긴 한데 여기서 파는 오리지널 알루미늄 바스켓이 자전거 브레이크를 짓누름
셀프로 바구니 억지로 달다가 브레이크 선 뽑혀서 수리점 가니 바구니에 구멍 하나 더뚫어서 조금 위쪽에 다시 달아주심 
자전거는 싼맛에 사도 다른 바구니를 사든지 리어랙을 설치하는게 좋을듯 
CS응대도 내가 바구니 달다 브레이크 빠진거니 내 책임이라고 하는데, 뭐 그냥 납득함 어떤 이유든 내가 달다 그렇게 됐으니까"
24.09.27.,여성,,,5,남편과 세트로 삿어요! 짱조항요
24.09.26.,여성,166cm,58kg,5,컬러가 이쁘고 디자인이 맘에 듭니다. 미니벨로라 편하고 페달도 잘 나가요~ 다만 가끔씩 기어 바꿀때 체인이 빠져서 다시 맞추긴 했는데 편하게 잘나가고 맘에 듭니다.
24.09.26.,남성,175cm,71kg,5,일단 컬러가 이쁘고 고급스럽습니다. 잘나가고 접이식이라 보관이 용이합니다
24.09.26.,남성,170cm,68kg,5,빠른배송 조립 좋아요
24.09.26.,,,,4,가성비 좋습니다. 약간 크고 묵직해요.
24.09.25.,,,,5,브레이크 세팅이 어렵긴했지만 너무 예뻐요!
24.09.24.,,,,5,"좋은 추억 많이 남길 수 있겠습니다!

매일 라이딩 나가고 있어요 ㅎㅎ"
24.09.24.,,,,5,좋습니다.좋습니다.
24.09.23.,,,,5,사진보다 실물이 더 예쁘고 튼튼합니다.
24.09.23.,남성,176cm,71kg,5,내구성 승차감 괜찮아요 가볍게 타기에
24.09.21.,,,,5,초등학교 아들을 위해 하나 장만 했습니다
24.09.21.,,,,5,좋습니다.좋습니다.
24.09.20.,,,,5,너무너무 좋습니다 정말 맘에 듭니다
24.09.18.,,,,5,아이 타기 좋은 사이즈에요
24.09.18.,,,,5,튼튼하고 접으면 이동하기 좋아요
24.09.16.,,,,5,잘 접히고 차량에 실기 좋아요. 번창하세요.
24.09.15.,,,,4,가볍고 잘 나가요. 의자는 좀 불편해서 다른 의자로 교체하는게 좋을 것 같아요! 핸들 조정해도 거리가 좀 멀어서 불편하지만 동네 마실용으로 잘 쓰고 있어요
24.09.14.,남성,168cm,63kg,5,사람들이 많이 구매하는 이유가 있네요~~디자인도 좋고 미니벨로의 기능을 잘 담았습니다. 바구니까지 추가로 구매해서 타며 더 좋을거 같아 주문해야겠네요. 자전거로 열심히 운동하겠습니다.
24.09.14.,여성,153cm,50kg,5,키작녀(153)인데 안장 당겨 연습용으로 잘 타고 있습니다.
24.09.12.,여성,155cm,56kg,4,타이어문제로 애먹었는데 판매자님 대응이 빨라 좋았습니다.입문용으로 추천합니다. 색상도 녹색이뻐요
24.09.10.,,,,5,잘쓰고 잇어요 가벼워서 좋아요 가족들이 다 탐내요 ㅋㅋ
24.09.10.,,,,5,좋아요 아이가 좋아합니다  그래서 좋아요
24.09.09.,,,,2,"8인승 엘리베이터에 저랑 자전거 타면 꽉차서 다른 엘리베이터 이용객들에게 죄송할 정도에요ㅠ
그리고 사용하고 한달도안돼서 자전거에 이상이 생겼어요. 앞바퀴에 철사가 갑자기 튀어나왔고(사진) 뒷바퀴는 기어 바꾸고 4단? 3단? 쓸 때 자꾸 소음이 나요. 바퀴도 승차감이 안좋은데 기압을 넣어도 빼도 승차감이 어색해요. 이런저런 문제로 전화드렸더니 완조립이 모니터무결점보증 같은 것처럼 공장에서 조립해 나온 제품을 검수하고 보내는 거라고, 반조립은 보상이나 수리지원 어렵다고 하네요.
자물쇠가 덜컥거리더니 혼자 비밀번호가 바뀌어서 가게에 양해구하고 놔두고 왔어요 ㅋㅋㅋ 몇천원짜리 철사 끊는 도구 사다가 잘라야 한대요...
온라인상담 친절하게 해주시긴 하지만.. 어차피 추가금 내고 오프라인매장 방문해서 점검받아야 하는 제품이라면 그냥 온라인 말고 오프라인에서 살걸 그랬어요..."
24.09.09.,,,,5,"반조립이지만 사실상 완조립과 큰 차이가 없습니다. 포장지와 완충제 제거하는것이 95%정도? ㅎ
나머진 기어 조정할 줄 알면 반조립 추천드립니다."
24.09.09.,,,,5,"초등학교 5학년 아들한테 사줬는데 체국가 작아도 부담없이 탈 수 있습니다
170 어른인 저도 충분히 좋은 미니벨로네요"
24.09.08.,,,,5,너무 예쁘고 잘나가요 굿굿!!!
24.09.08.,남성,165cm,75kg,5,사이드 잘 맞고. 처음 접고 필때만 뻑뻑해요. 여러번 하고나니 부드러워 짐
24.09.07.,남성,175cm,73kg,4,탈만합니다. 근데 생각보다 꽤 무겁네요. 여성 혼자 들기 불편
24.09.06.,여성,146cm,34kg,5,예쁘고 아이가많이 좋아해요~~~♡
24.09.06.,,,,5,자전거도 튼튼해보이고 좋아요
24.09.05.,,,,5,화면과 동일하며 조립이 다 되어있어서 바로 탈수있어 좋습니다. 접는 방법도 간단하고 쉽니다.
24.09.05.,,,,5,우선 보이는게 이뻐서 좋네요
24.09.04.,,,,5,"고민사다 샀는데 맘에 들어요.
티볼리 트렁크에 실려서 너무 좋아요^^"
24.09.04.,,,,5,살짝 문제가 있긴했으나 잘해결해주셔서 감사합니다. 번창하세요
24.09.04.,,,,4,승차감 좋고 칠 단이라서 조금 불안하긴 한데 괜찮은 것 같아요.
24.09.04.,,,,5,체형에 아주 딱 맞습니다!
24.09.04.,,,,5,채형에 딱 맞아요!
24.09.03.,,,,5,"첨에 안장이 불편했는데 이젠 조금 덜불편해요.
다른건 다좋습니다. 접이식 최고만족!!"
24.08.30.,여성,171cm,62kg,5,티티카카 영입으로 우리 가족 1인 1자전거 완성했네요ㅎ 반조립 어렵지 않았고 균형도 잘 맞습니다^^
24.08.30.,남성,170cm,65kg,4,이쁘고 잘나가요 배송빨라요
24.08.30.,,,,5,애는 괜찮다는데 저는 초보라 그런지 엉덩이가 좀 아팠어요.  접이식이라 보관이나 차량으로 이동시 편하네요.
24.08.29.,,,,5,"가성비 자전거를 알아보고 구매했는데 만족합니다.
접이식도 가능해서 보관도 용이하고 아주 잘타고있습니다."
24.08.29.,,,,5,자전거 너무이쁘고 접어서 타고다니기 너무편합니다 차에싣고 여기저기 다니구있습니다 체고
24.08.28.,여성,160cm,48kg,5,튼튼합니다. 안전감있습니다. 어른도 아이도 안장 조절해서 누구나 신나게 탈 수 있습니다.
24.08.25.,,,,5,가볍고 잘 나갑니다 다만 핸들을 조정해도 조금 멀리있는 감이 없지 않아 있어요 ㅠㅠ
24.08.24.,,,,5,좋아좋아좋아요 ㅎㅎ
24.08.23.,,,,5,가격 대비 너무너무 괜찮은 자전거! 동네 가볍게 돌아다니기 딱이에요. 물론 보통의 자전거들처럼 속도가 빠르진 않지만 전 어차피 멀리 다니려고 산 자전거가 아니기 때문에 충분히 만족스럽습니다! 그리고 무엇보다 자전거가 되게 귀여움🥰 이거 타고 출근하면 막 기분이 좋아질정도ㅎㅎ
24.08.23.,,,,5,작은키에 사용할 수 있어서 넘 좋습니다 ㅎㄹ
24.08.23.,,,,5,아이 첫자전거로 잘사용중입니다.
24.08.23.,,,,5,좋습니다 다음에도 이용할게요
24.08.22.,남성,177cm,64kg,5,출퇴근시 우연찮게 펑크나면 난감할까봐 노펑크타이어 자전거를 수년간 타고 다니다가 튜브 타이어로 바꾸니 승차감이 가히  신세계네요.완전조립을 택했건만 7단변속이 잘 안 되어 설명서보고 조절했더니 제대로 되네요.브레이크는 잘 듣습니다.배송은 주문한지 만 하루(2일째)만에 왔읍니다.정말 좋았읍니다.자꾸 옛날 알톤 라레이와 비교하게 되는데 이번 자전거는 스탠드를 세우고 타이어를 공회전하려면 페달이 스탠드에 걸리는게 좀 불편하네요.그리고 안장은 옵션에서 추가 구입하시길 권합니다.출고시 장착되어 나온 안장은 좁고 딱딱해서 아주 불편합니다.안장이 레일식인지 원형봉 체결식인지 잘 살펴보고 선택하셔야됩니다.참고로 이 자전거 스트림D7은 원형봉이네요!
24.08.21.,,,,5,자전거 조립 잘되어서 오고 빠른배송 좋습니다.
24.08.21.,남성,177cm,77kg,5,아주 좋습니다 만족합니다
24.08.21.,남성,177cm,85kg,4,"접을수 있어 공간 활용이 좋으나, 안장이 고정되질 않아서 앞뒤로 기울어짐. 일반 사용에는 문제 없음"
24.08.19.,여성,138cm,38kg,5,딸이 너무 잘타네요 디자인도 너무 마음에 들어요
24.08.19.,,,,5,만족합니다 가성비좋아요
24.08.19.,,,,5,무지가볍고 잘나가요 기어변속이 잘안되는게 흠이네요
24.08.19.,남성,175cm,66kg,5,"적당히 동네에서 탈만합니다 
장거리 라이딩 이런거는 무리로 보이네요"
24.08.16.,,,,4,"자전거는 단단하고 안정감 있습니다. 
전체적으로 균형감이 있어 타기 좋습니다. 
다만, 앞브레이크가 작동시마다 
소리가 너무 크게 나는데 어떻게 해야하나요."
24.08.14.,여성,160cm,50kg,5,주행감이나 무게 등 가격대비 좋아요
24.08.14.,,,,5,잘타고있습니다아~~~
24.08.14.,여성,156cm,55kg,5,배송도 빠르고 조립도 잘되어왔어요
24.08.13.,남성,168cm,56kg,4,"가벼워서 좋아요.
방수 핸드폰 거치대는 불량인지 고정이 안돼서 못쓰고 있습니다. 자전거 자물쇠는 새로 튼튼한거 장만하시는걸 추천드려요~"
24.08.13.,여성,148cm,60kg,5,생각했던거보다 사이즈도 잘 맞고 너무 좋았어요
24.08.12.,,,,5,편해요. 오르막도 편해요. 감사합니다~
24.08.11.,,,,5,"빠르고 안전한 배송에 감사드리며, 
역시 자전거계의 명품 티티카카네요~ 
승차감도 좋고 잘 나갑니다!!!
근데 사은품으로 준 자물쇠가 조금 작네요.."
24.08.11.,남성,174cm,82kg,5,"배송이 넘 빠른거 같아요
하루만에 왔네요
좁은현관에 쏙들어오니 좋아요
사용후 하나더구입 예정"
24.08.08.,,,,5,잘 이용하고 있어요. 사은품도 잘 챙겨줬어요
24.08.07.,,,,5,"배송도 잘왔고 조립 상태도 좋았어요.
디자인도 너무 이쁘고 저녁마다 잘타고 있습니다."
24.08.05.,,,,5,"너무 예쁘고 조립도 쉽고 만족스러운데
아직 타이어 공기압을 못넣어서 눈으로만 보고있어요 ㅎㅎ"
24.08.04.,,,,5,"튼튼한 제품이고
편하게 사용하고 있읍니다."
24.08.03.,여성,156cm,48kg,5,"칼배송에 포장도 깔끔하고 제품 좋네요 
애들 자전거 엄한거 사지말고 d7 으로 살껄 
뒤늦게 알아서 ㅡㅜ 애들 자전거 하니둘 당근으로 던지고 추가 구매 각입니다"
24.08.03.,남성,175cm,73kg,4,전체적으로 양호합니다. 반조립 주문했는데 앞브레이크 조정하는거 외엔 크게 힘들지 않네요
24.08.03.,,,,4,초등학교 4학년자전거 바꿔줬는데 좋아하네요
24.08.02.,,,,5,진찌좋아요 오르막길이 이렇게 편한거 첨 알앗습니다 ㅜ
24.07.27.,,,,5,초등아이가 계속 크면서 성장기 계속 타려고 샀는데 아주 잘타고있습니다. 가성비 최고
24.07.27.,,,,4,다 좋은데 어쩔수없는 접이식 자전거의 한계인지... 핸들바 부분은 단단하게 체결되는 느낌이 아니네요.
24.07.26.,,,,5,자전거가 짱짱하고 반조립인데도 거의 완조립에 가깝네요
24.07.24.,,,,5,배송 빠르고 좋네요
24.07.24.,,,,5,초등 아이 첫 자전거입니다. 좋네요.
24.07.24.,남성,177cm,68kg,5,잘 사용 하고 있습니다
24.07.24.,여성,159cm,57kg,5,잘 타고 있지요.. 여름이라 잠시. 쉬고 있지만.ㅎㅎ
24.07.22.,남성,180cm,81kg,4,배송도 빠르고 제품도 양호합니다.
24.07.20.,,,,5,너무 좋고요 아주 잘 나가요 ~~~~
24.07.19.,여성,168cm,58kg,5,자전거 타는게 무서워서 이걸로 재밌게 연습하다가 로드로 가려고 합니다. 좋아요.
24.07.19.,남성,173cm,86kg,5,"흠집없는 양품으로 왔네요.
예쁘고 타기 재밌습니다."
24.07.18.,,,,5,잘 이용하고 있습니다~^^
24.07.17.,여성,160cm,40kg,5,무광 흰색 예뻐요. 잘 타고 있습니다.^^
24.07.17.,여성,157cm,48kg,5,좋아요좋습다조아용ㅎ ㅎ
24.07.15.,여성,166cm,,5,디자인 예쁘고 승차감 안정적이에요 엉덩이쿠션은 딱딱해서 나중에 바꾸려구요ㅎㅎ
24.07.14.,남성,173cm,65kg,4,"일단 접이식이라 넘 좋구요 
앞 바스켓도 같이 주문했으나 브레이크선이 구조상 걸리는 구조라 이건 공장에서 수정하고 생산해야할듯 싶네요. 안전 관련된 문제라 문의했으나 이상없으면 타라고 답변받은게 좀 안타까웠습니다만 제품은 만족합니다"
24.07.14.,남성,122cm,,5,동네서 타기에 가성비좋고 예쁘네요
24.07.13.,,,,5,배송빠르고 기스없이 만족해요
24.07.09.,,,,5,"스크래치도 없고, 단단하고 아주 잘 나가네요~"
24.07.08.,여성,158cm,62kg,2,완전 조립으로 주문을 했는데. 브레이크랑 기아 변속기를 엉뚱하게 조립해서 보내셨어요. 그리고 현재 기아 변속이 안되고 있어 수리를 해야할 것 같습니다.
24.07.07.,,,,5,"접고 펴기 쉬워서 집에 보관하면서 타고 있습니다.
제가 타던 자전거보다 승차감 좋고 디자인도 깔끔하고 만족합니다!"
24.07.04.,,,,4,"일단 스크래치 상품이 와서 좀 기분이 안좋았구요. 공장에서 잘못 배송온거라는데... 재고 파악이 안된건지 좀 이해가 안됩니다 ㅠ
사은품도 두개나 빠졌고...그래도 고객센터 분은 잘 응대해주시네요. 모두 해결은 했습니다.
반조립으로 받았는데 거의 완조립이고, 다만 좀더 친절한 설명서가 있으면 좋았겠네요."
24.07.04.,,,,5,너무 귀엽고 좋아요. 싼맛에 타기좋ㅔ
24.07.02.,,,,5,"잘받았습니다~~

생각외로 깔끔하고 견고하네요~"
24.07.02.,,,,5,좋아요 반조립했는데 잘왔어요
24.07.01.,,,,5,"자전거 좋습니다
이뻐요"
24.07.01.,,,,5,생각했던대로 좋은 제품이에요
24.07.01.,,,,5,초등학생이 타기 약간 큰 감이 있네요
24.06.30.,,,,4,"가볍게 마실용으로 타기 좋습니다.
셋업이 좀 잘못되어와서 번거로움이 있었지만
판매처 연락하니 대응해주셨습니다."
24.06.29.,여성,163cm,56kg,5,배송 받은날 비가와서 타보질 못해서 안타까운데 예전에 7~8km를 출퇴근하면서 타던 자전거라 다시 구매했습니다. 집에 큰 자전거가 있지만 가까운 거리 출근하먀 타려합니다.빨리 타고 싶어요!!**^^**
24.06.28.,,,,5,"퇴직하고 아내와 같이 자전거 여행을 하고 싶었는데, 아내는 자전거를 처음 접하기에 배움에 시간과 경험이 필요하였고, 이런 공간을 찾아다니기에는 접이식 자전거가 최적이라는 생각에 고민하다가 '티티카카' 자전거를 여러 사람이 추천하기에 구입하여 지금은 가까운 거리를 잘 타고 다니고 있습니다. 접이식 자전거를 구입하려고 생각하시는 분이 계시면 한국브랜드이면서 가볍고 그리고 가성비까지 좋은 티티카카 접이식 자전거를 추천드립니다."
24.06.27.,,,,5,감사합니다 잘받았습니다
24.06.26.,남성,140cm,38kg,5,안전하게 배송되었고 조립이 쉬웠어요^^ 얘가 완전 좋아해요~~
24.06.26.,,,,4,조립이 잘 되어서 도착했습니다. 다만 조명기 설치 설명서가 동봉 됐으면 더 좋을 듯 합니다.
24.06.25.,여성,162cm,52kg,5,"특별히 어려운 조립이 없었으나 기계치?인 저에게 보내주신 부속품들은 멘붕을 주었죠. 하지만 유툽,후기들을 보면서 힘을냈습니다.(조명 달때 몇개쓰고 거의 안썼는데… 이대로 타도 되겠죠?)안장이 정말 불편한데 이건 자전거타는분들이 대게 겪는 일이라 하시니 일단 참고 타보려구요. 

자전거 이쁘고 좋습니다. 바퀴가 작아서인지 대부분의 자전거들이 저를 앞질러 가지만 그래도 좋아요. 무엇보다 접어서 집안에 보관할수있다는게 제겐 큰 장점입니다."
24.06.25.,남성,145cm,40kg,5,"너무 예쁘고 좋아요
색상 블랙이랑 그레이중 고민 많이했는데 그레이 하길 잘한것 같아요
고급지고 진짜 예쁘네요 ㅜㅜ
승차감은 제가 다른 자전거를 안타봐서 비교할수는 없지만
초보로써 타기 괜찮은것 같구요
여성인 제가 동네 끌고다니기 넘 좋은것 같아요~"
24.06.24.,,,,5,배송빠르고너무좋아요잘사용할께요
24.06.24.,,,,3,뒷바퀴 바람 빠져서 왔네요
24.06.24.,여성,157cm,53kg,5,이제 잘 타봐야지요~!!
24.06.24.,여성,160cm,60kg,5,가격대비 만족스럽습니다.생각보다 잘나가고 좋습니다.
24.06.23.,,,,4,"생각했던 색상보다는 좀 밝은 녹색이네요
자전거를 잘 못타는데 바퀴가 작아 덜 무섭게  잘 타고 있습니다"
24.06.23.,,,,5,좋아요 아이와 함께 탈려고 구매
24.06.22.,,,,5,잘 사용 하겠습니다
24.06.20.,,,,5,잘배송왔고 상품질 아주 좋아요
24.06.19.,,,,5,"자전거 판매점 여러군데 돌아 보다가  마음에 드는게 없어서 고민하다 디자인 보고 반신반의 하면서  고민 끝에 구입 했습니다.
디자인 이뿌고 접이식이라 티볼리 차량에 딱 들어가요.
아주아주 만족 합니다."
24.06.17.,,,,4,배송 충격으로 드레일러 세팅이 다 틀어졌네요. 처음 조정하느라 30분정도 걸렸습니다. 잘접히고 승차감도 나쁘지 않습니다.
24.06.17.,,,,5,"배송이 잘못왔는데 친절하게 응대해 주시고
빠르게 교환해주셔서 기분이 나쁘지 않았습니다"
24.06.16.,,,,5,사진보다 실물이 더 까리함
24.06.15.,,,,5,"안전하게 빠르게 배송왔어요. 
초등 저학년은 아직은 무리네요. 초등 고학년부터가 좋을 것같네요.
차 트렁크게 잘들어가요!
근데 브레이크가 그냥 닿는지 그냥 굴러가는데 소리나는건 브레이크 좀 열어두면 되나요?"
24.06.15.,,,,5,다른 모델로 하나 더 샀어요. 만족해요
24.06.15.,,,,5,선물로 줬는데 예쁘고 가볍고 좋대요!
24.06.15.,남성,177cm,85kg,4,배송 빠르고 가성비 좋네요
24.06.15.,,,,5,초4 아이가 아주 마음에 들어합니다.  작길 바랬는데 아주 작진 않아요. 아이가 더 크면 더 편하게 탈것 같아요.  흰색 아주 이쁩니다!
24.06.14.,여성,138cm,33kg,5,초등 3학년 안장 낮춰주니 무난히 잘 타요~
24.06.14.,,,,5,만족합니다 고맙습니다!
24.06.14.,,,,5,"좋네요! 기존 플라이트s9과 비교해서 약간에 차이가 있지만, 가성비는 이게 더 좋은듯 하네요!"
24.06.14.,여성,158cm,62kg,4,"완전 조립을 요청했는데, 핸들이 돌아가게 조립이 되어 있었습니다."
24.06.14.,남성,174cm,77kg,5,잠금장치도 있고 안전 해서 좋네요
24.06.13.,,,,5,"포장도 아주 꼼꼼하게 잘 조립해서 보내주셨어용~~~~^^
아이가 아주 좋아해요~
접이식이라 트렁크에 쏙 들어가서 이동하기 참 편하네요~

한대 더 구매해서 같이 타야겠어요~^^"
24.06.12.,,,,5,애들이 겁나게 좋아하네요
24.06.12.,,,,5,상품 배송 상태 및 빠른 배송이 좋았어요.
24.06.11.,남성,122cm,,5,남편이 동네서 탈걸로 추천받아왔길래 사봤는데 예쁘고 괜찮네요
24.06.11.,남성,,,4,가볍게 동네에서 타고 다니기 딱 좋습니다.
24.06.11.,,,,5,사진보다 더 귀엽네요 자전거가...ㅎㅎ
24.06.10.,,,,5,작은바퀴임에도 잘 나갑니다. 색상 고민 많이했는데 흰색도 괜찮네요~ 완조립으로 했는데 다행히 이상없이 잘 왔습니다. 처음에 접고 펴는게 불편했는데 몇번 해보니 수월하게 되네요. 엄청 무겁지는 않지만 그렇다고 가볍지는 않아서 여자인 제가 차에 싣고 뺄때 약간 힘들긴 합니다. 그래도 만족합니다~~
24.06.10.,남성,177cm,77kg,5,"동네 마실용으로 정말 좋아요
라이딩용으로는 바퀴가 작아서 엄청 힘듭니다.ㅎㅎ 대신에 힘빡주고 달리면 잘나가고 운동 엄청되요 땀이 줄줄
받고나서 동네에 마침 티티카카 직영점이 있길래 가서 정비도 받았습니다."
24.06.09.,,160cm,44kg,5,만족합니다 마음에 들어요
24.06.09.,,,,5,11세 키137센치 남자아이한테도 잘 맞네요 디자인 멋지고 잘 굴러갑니다
24.06.09.,남성,171cm,67kg,5,"작고귀여위요.
승하차가 펀하고 기어비가 생각보다 좋아요"
24.06.09.,남성,173cm,70kg,5,생각보다 괜찮아요 만족합니다!!
24.06.08.,여성,151cm,41kg,5,"초4학년 여아입니다...
또래보다는 키나 체격이 좀 큰 편인데...
크지 않을까 했는데...잘 맞네요....
기어 변속도 좋다고 하고 바퀴도 잘 귤러간다 합니다...하나 더 구입할까 고민중 입니다....
안장은 바꿔야 할것 같습니다....
조금 불편하다고 하네요...."
24.06.08.,여성,160cm,,5,초등학생 딸아이가 아주 좋아해요.
24.06.08.,남성,142cm,,5,초딩 조카 생일선물로 사줬는데 너무 좋아하네요ㅎ 잘탈게여~ 안전라이딩!
24.06.06.,,,,4,초등 5학년 아이가 탄다고 주문해 줬어요 싸이즈 안정감 있게 딱 좋아요 바퀴가 바람 빠져서 왔어서 바람 넣고 탔는데 바퀴퀄이 떨어져요ㅋㅋ 그래도 아이가 타는거라 만족하며 타고있어요
24.06.06.,,,,5,너무 크거나 높은건 안타고 싶었고 입문용으로 적당한거 찾았는데 딱 적당해요. 꼼꼼히 포장해서 배송해주셔서 감사합니다!
24.06.06.,여성,167cm,59kg,5,"첨에 공기주입하면서 밸브쪽이 파손되었지만, 적절한 대처로 수리하고나서 수리비 바로 보내주셨고, 큰 불편함없이 잘 타고 다녀요~~"
24.06.05.,여성,158cm,57kg,5,"60대 엄마께 사드렸는데 너무 만족 하세요^^
키가 작으셔서 걱정했는데
핸들도. 안장도 낮출 수 있어서 좋아용
추천합니다"
24.06.04.,남성,176cm,68kg,4,"색상도좋고   디자인도 맘에들어요
기아가7단이라서   불편하지만 
그래도  만족합니다"
24.06.04.,,,,5,"자전거 초보에게 딱 좋아요~
디자인도 예쁘네요."
24.06.04.,남성,175cm,88kg,5,사스가 최고데스 스고이
24.06.03.,,,,5,배송 빠릅니다. 필요 공구와 라이트까지 주시고. 마실용으로 딱 인듯 하네요~
24.06.02.,여성,148cm,37kg,4,"초5 아이 사줬는데 사이즈딱좋아요
가격에 준해서 접이식이고
최대한 가벼운걸로 찾았는데 
엄마인 제가 접고펴는건 하겠는데
차에 싣고내리는건 역시 힘들긴하네요
그래도 자전거가 이쁘고 아이가 만족해하며
잘 타고있어요"
24.06.01.,여성,160cm,50kg,4,완조립인데도 불구하고 기어랑 브레이크 세팅이 제대로 안되어 있었음. 그거 외에는 만족함
24.05.31.,,,,4,초2딸 사줬는데 조금 크긴 하지만 이쁘고 좋아요!
24.05.31.,여성,160cm,56kg,5,"승차감, 색상, 견고함 어느 하나 빠지는 것 없이 좋아요. 입문용으로 딱입니다~"
24.05.31.,,,,5,승차감이 편리하고 익숙해지는 정도에 따라서 높이 조절이 되니 입문용으로는 아주 딱입니다!
24.05.31.,,,,5,좋아요 너무 즣아해요
24.05.30.,,,,5,예쁘고 잘 굴러갑니다. 만듦새도 좋고 가벼워요.
24.05.30.,,,,5,자전거가 너무 이쁘고 가볍게 타기좋아요
24.05.30.,,,,5,"만족합니다 좋아요
가격대비 만족"
24.05.30.,,,,5,원하던 사이즈와 승차감이 좋았습니다.
24.05.29.,,,,4,"가격대비 만족합니다 
다만 안장은 다른걸로 바꿔야 할것같습니다"
24.05.29.,남성,177cm,82kg,5,아이랑 즐겁게 잘 타고있습니다
24.05.25.,,,,4,"찍힘뜯어짐 두군데 발견했습니다. 면적이 꽤되는 부분만. 머 그냥 타야죠... 이제까지 로드만 타다가 따릉이도 답답해서 못타겠었는데 얜 탈만하네요. 바퀴가 로드보다 굵다보니 마찰력때문인지 커브돌때 엄청 부드럽진않아요. 하지만 속도 엄청내기보단 동네용, 어디가서 기분낼때 등의 용도로 적합해보입니다. 무게는 꽤나가요. 집에있는 로드만큼 나가네요. 사이즈는 생각보다 큽니다. 작지않아요. 접은다음에 접은상태로 잘 굴러가진 않네요. 돈 플러스해서 선택한 바구니는 꽤나 멋스럽습니다. 다른 조립이나 브레이크는 괜츈~ 저는 키 170, 남편은 183인데 둘다에게 괜찮습니다."
24.05.25.,여성,145cm,32kg,5,가격대비 성능 좋고 색상도 실물이 더 예쁘네요. 아이들하고 같이 타는데 불편함 없이 좋아요. 안장봉을 더 짧게 제작해도 될듯해요.
24.05.25.,남성,170cm,58kg,5,사이즈도 원하는 크기고 색상도 마음에 들고 좋아요~
24.05.25.,남성,,,3,"좋습니다~
어른도 아이도 모두 탈 스 있어요"
24.05.25.,,,,5,만족스럽습니다 굿.
24.05.24.,,,,5,배송빠르고너무좋아요잘사용할께요감사합니다ㅎㅎ
24.05.24.,여성,142cm,35kg,5,"P7 무광그레이 구매했어요:)
5학년 딸 선물로 딱이네요~~~^^

안장조절해서 저도 같이 타려고요~~~"
24.05.24.,여성,156cm,58kg,5,가볍고 편하고 이뿌네요
24.05.24.,남성,166cm,68kg,5,좋아요 좋아요 좋아요 ㅎㅎ
24.05.23.,,,,4,"운동을 위해 자전거 라이딩을 시작했는데, 배송 상태도 굉장히 양호하게 도착했고, 처음 타는 사람에게 잘 맞는 것 같아요 :) 접을 수 있다보니 이동할 때나 집에 두기에도 좋습니다~"
24.05.23.,,,,5,"130좀 넘는 초등학생이 타기에 크기는 너무 크진 않은데, 브레이크가 좀 커서 한손에 다 안잡히더라고요 그외에는 모두 만족입니다."
24.05.23.,,,,5,조립하기가 매우 쉬워서 사용하기 좋았어요
24.05.23.,여성,164cm,52kg,5,모든 면에서 최고예요 ㅎㅎㅎ짱짱
24.05.20.,남성,155cm,57kg,5,아이가 참 좋아합니다 좋은 제품 감사합니다.
24.05.19.,여성,158cm,59kg,5,"생각보다 가볍고 잘 나가네요.브레이크가 살짝 밀리는 감은 있네요.
그래도 가격대비 만족스럽습니다."
24.05.19.,,,,5,좋아요 예쁘고 편해요
24.05.19.,,,,5,좋아요 예쁘고 편해영
24.05.19.,,,,5,"운동보다는 가까운곳 마실용으로 구매했어요.
자전거 잘 나가고 귀욥고 가볍고 좋아요."
24.05.17.,,,,4,생각보다 무겁고 커서 휴대하기 편하지는 않아요
24.05.16.,,,,5,생각보다 잘나가네요 좋슴다
24.05.15.,남성,171cm,69kg,5,가성비 너무 좋고요 가족이 다 탈수 있을 정도로 크기도 딱 알맞게 좋아요
24.05.15.,,,,5,잘 사용하겠습니다.
24.05.14.,,,,5,디자인도 예쁘고 가볍고 반조립도 쉬워서 금방 조립했어요. 아이가 마음에 들어해요
24.05.13.,여성,158cm,49kg,5,어머니께서 안전하게 잘 배우고 계세요
24.05.12.,,,,5,"초등학생 아이
어린이날 선물로 구입했어요
4학년에겐 다리와 핸들사이가 살짝 먼듯하지만
크기도 적당하고 저도 타기 좋을거같아요
디자인도 이쁘고 좋아요"
24.05.12.,,,,5,아이가 너무 좋아해요.    비오는 날도  자저거 타러 가자네요.
24.05.12.,,,,5,검수도 잘 되어있네요
24.05.12.,남성,176cm,74kg,4,가성비 좋습니다. 핸들쪽은 아주약간 틀어진거 같긴해요. 그래도 모든면에서 가성비 갑이네요!!
24.05.11.,,,,5,잘나가고 좋아요  .
24.05.10.,남성,138cm,30kg,5,"초3학년  아이한테는 아직 좀 크네요 익숙해지면
 곧 잘 타겠어요 색상 이쁘구요 휠이나 부속 구석구석
고급스럽네요"
24.05.10.,여성,150cm,43kg,5,"5학년 딸아이가 타기에 적당하고 운전하기에도 무리가 없습니다.
성인이 타기에도 안정적이어서 어른, 아이가 타기에 모두 좋은 것 같습니다."
24.05.10.,여성,155cm,56kg,5,"자전거 넘 좋아요 자전거 배우고 있는데 동생도 자전거 
구입한다고 해서 소개해줬어요"
24.05.10.,남성,175cm,70kg,5,너무좋아요 잘탈께요~^^
24.05.08.,,172cm,,5,초등 아이 어린이날 선물로 주문했는데 같이 타도 될꺼 같네요 ^^
24.05.07.,여성,,,4,처음 탔을때 잘 나가고 성인여성이 탔을때 안정적이에요!
24.05.07.,,160cm,47kg,5,원하는 날짜 전까지 안전하게 받음
24.05.07.,,160cm,47kg,5,원하는 날짜 전까지 안전하게 받음
24.05.06.,남성,172cm,85kg,3,"배송은 잘 받았습니다. 택배특성상 잔기스는 이해되지만 프레임 도장이 아예 파여있는건 좀..그렇네요.. 완제품 받았지만 뒷 브레이크 캐이블이 풀려있었고 변속기가 제대로 셋팅되어있지 않네요.
 결국 근처 자전거점에 가서 셋팅 다시 봐야겠어요"
24.05.06.,,,,5,"디자인이나 상품은 좋아요. 단 생각보다 손잡이와 안장사이 길이가 조금 긴것 같아요. (타사 동급 접이식 자전거 비교했을때 길이 차이가 남)
그래도 전반적으로 만족합니다."
24.05.06.,남성,177cm,73kg,4,"화이트 1대, 다크 그린 1대 총 2대 구매했습니다. 트렁크에 싣고 다니다가 좋은곳에 내려  슬슬 자전거 타고 다녀오려고 합니다. 디자인 예쁘고 거추장스럽지 않으면서 가성비 갑 자전거네요 ^^"
24.05.06.,남성,177cm,73kg,4,아직 장거리 타보지 않았지만 가성비 좋은 자전거 인것 같아요. 10만원 더 비싸더라도 8단이고 유압디스크브레이크 적용된 P8HD로 할 걸 하는 생각도 듭니다. 좀 더 타보고 진지하게 고민...
24.05.06.,,,,3,"배송은 조금늦게옴
고장없이 잘타길 바라네요"
24.05.06.,,,,4,휴대하기좋고 가성비 최고입니다
24.05.05.,,,,5,"흰색이 이번에 산 D7인데 무난하게 좋아요ㅎㅎ
여자나 아이들 타기에 크기나 사용감이 좋습니다. 일상에서 타기 딱 괜찮습니다."
24.05.05.,여성,145cm,,5,"12살 145cm 아이 어린이날 선물로 받고
아주 잘 타고 있답니다"
24.05.04.,,,,5,"아직 시승전이나 외관은 만족스러워요
고맙습니다!!"
24.05.01.,,,,5,동네마실용이라 디자인보고 골랐는데 기스없이 잘 왔어요 이뽀요~~
24.04.30.,,,,5,완제품 비용 들인만큼 세팅 잘돼서 왔습니다. 몇 번 타보니깐 더 상위의 옵션이 탐나내요.
24.04.30.,남성,172cm,69kg,1,그냥 쓸만해요  열심히 운동하실분은 제대로 된걸 사시길 추천합니다.
24.04.28.,,,,5,"동네 마실용으로 구입했는데 로드랑은 또다는 재미가 있네요. 와이프랑 같이 동네구경이나 해야겠어요.
덩치가 있다보니 자전거가 작아보이긴 하네요.
잠깐타보니 핸들이 슬슬 내려가는거 같은데 좀더 지켜봐야겠어요.
배송은 구매후 하루만에 왔어요"
24.04.28.,,,,5,"정말 맘에 듭니다
승차감도 좋고 이뻐요"
24.04.28.,,,,5,정말 잘산것 같아요 맘에 듭니다
24.04.27.,남성,125cm,26kg,4,잘 배송받았습니다. 초코브라운컬러 실물이 사진보다 좋네요. 차분한 톤이어서 맘에듭니다. 옵션도 잘 적용되었습니다.
24.04.26.,,,,5,특별히 문제없고 만족스러워요
24.04.25.,여성,137cm,27kg,5,"초등학교 3학년 딸아이가 탈 자전거로 구매했습니다.
가격도 착하고 외관도 이쁘네요
반제품으로 구매했는데도 큰 손볼것 없이 바로 주행이 가능했네요. 딸아이가 맘에 들어해서 잘 구매했다 생각됩니다."
24.04.25.,,,,3,"초등학교 3학년 여자아이.
좀 크지만 잘 타네요~

다만, 배송은 꼼꼼히 되어 있는데... 제작 과정에 문제 인지 큰 기스들이 몇군데 있습니다ㅠㅠ
그리고, 조립으로 받았는데... 대충 하셨는지; 핸들 브레이크 좌우도 안맞고... 기어 변속도 제대로 안되서;; 인터넷 찾아 보며 다시 조절 했네요;;;

조립비가 좀 아깝다 생각드네요ㅠㅠ"
24.04.25.,남성,177cm,82kg,5,"아이와 함께 타려고 구입
키 150신장 아이에게 잘 맞고 주행성능 괜찮음"
24.04.22.,,170cm,80kg,5,"초등 어린이 2명과 어른 1명이 사용하려고 구매했습니다. 처음에는 생각보다 큰사이즈에 살짝 놀라기도 했지만 자전거도 예쁘고 초보자용으로 가성비 최고인듯합니다.  보내주신 사은품도 잘 받았습니다. 스트랩같이 생긴건 어디에 쓰는지 몰라서 보관해두었습니다. 사용 방법에 대해 안내해주시거나 사이트에 적어주시면 활용하는데 도움이 될것 같습니다.
아이들과 남편 주말 라이딩했는데 너무 재미있었어요. 제것도 한대 더 사야겠어요."
24.04.22.,,170cm,80kg,5,"초등 어린이 2명과 어른 1명이 사용하려고 구매했습니다. 처음에는 생각보다 큰사이즈에 살짝 놀라기도 했지만 자전거도 예쁘고 초보자용으로 가성비 최고인듯합니다.  보내주신 사은품도 잘 받았습니다. 스트랩같이 생긴건 어디에 쓰는지 몰라서 보관해두었습니다. 사용 방법에 대해 안내해주시거나 사이트에 적어주시면 활용하는데 도움이 될것 같습니다.
아이들과 남편 주말 라이딩했는데 너무 재미있었어요. 제것도 한대 더 사야겠어요."
24.04.22.,,170cm,80kg,5,"초등 어린이 2명과 어른 1명이 사용하려고 구매했습니다. 처음에는 생각보다 큰사이즈에 살짝 놀라기도 했지만 자전거도 예쁘고 초보자용으로 가성비 최고인듯합니다.  보내주신 사은품도 잘 받았습니다. 스트랩같이 생긴건 어디에 쓰는지 몰라서 보관해두었습니다. 사용 방법에 대해 안내해주시거나 사이트에 적어주시면 활용하는데 도움이 될것 같습니다.
아이들과 남편 주말 라이딩했는데 너무 재미있었어요. 제것도 한대 더 사야겠어요."
24.04.22.,남성,180cm,77kg,5,"집근처에서 아이랑 타는데 좋아요.
부드럽게 잘나가고 색상도 좋네요"
24.04.22.,남성,156cm,37kg,5,바로사용하기 편합니다 초등학생 5학년 자녀가 타기도 좋아요
24.04.22.,남성,160cm,50kg,5,중학생 아들 사줬는데 시승결과 아주 만족스럽습니다.
24.04.22.,남성,,,5,잘타고 다닙니다 ㅋ
24.04.22.,,,,5,어머니 선물로 드렸는데 아주 만족하시네요.
24.04.20.,남성,177cm,75kg,5,"아주 만족합니다.
티티카카 너무 좋아요~"
24.04.19.,,160cm,57kg,5,"선택안함
아이 생일선물로 사줬어요
아직 타러 나가보진 않았지만 맘에들어하네요"
24.04.18.,,,,4,접는게 미숙하여 그냥 안 접고 사용 중입니다 ㅋㅋ 손잡이 끝 고무 부분이 찢어져 왔더라구요 교환 귀찮아서 그냥 사용합니다! 잘 타고 있습니다
24.04.18.,남성,178cm,70kg,4,예뻐요 아이가 좋아 한넹요
24.04.17.,,,,5,"티티카카 가성비 모델 스트림 라인을 구매해 봤는데요.
아이용으로 구매 한것이라서 무리없이 잘 이용할듯 합니다. 

빠른 배송 감사드립니다."
24.04.17.,,,,5,중형 세단에도 접어서 싣을수 있어서 좋아요
24.04.17.,남성,175cm,84kg,5,강추입니다 많이들사세요
24.04.17.,남성,175cm,88kg,5,사스가 최고데스 스고이
24.04.16.,,,,5,기본 안장이 엉덩이가 너무 아픈 거 빼곤 너무 만족합니다!
24.04.16.,,,,5,너무 이쁘고 잘나가요 최고
24.04.15.,,164cm,48kg,5,초등학생 자녀선물용으로 주문했어요 잘타고있습니다
24.04.15.,여성,167cm,58kg,5,좋아요 깔끔하고 초보자가 타기에 좋은 거 같아요
24.04.14.,여성,145cm,32kg,5,딸아이 주려고 구매했습니다. 딱 좋은 사이즈에 어른인 제가 타도 좋네요.
24.04.14.,남성,170cm,64kg,4,일단 다른데는 다 좋습니다 배송도 괜찮고 근데 처음 왔을 때 브레이크를 잡지 않아도 브레이크패드랑 바퀴랑닿아서 샵가서 한번 고쳤네용 그리고 브레이크 생각보다 잘 안먹힙니다. 근데 예쁘고 가볍게 타기 좋아요 저는 등하교용으로 타고 다닙니다
24.04.14.,남성,177cm,78kg,5,미니벨로 입문했는데 동네바리로 타고 다니기 너무 좋습니디ㅎㅎ
24.04.14.,,,,5,자전거 잘나가고 오래탈 수 있을것 같아요 감사합니다.
24.04.13.,,,,1,한 달 만에 타이어 펑크났어요. 자전거 수리점에서 타이어 안에 튜브가 허술하게 처리되어있었다네요.
24.04.13.,남성,170cm,64kg,4,"첫자전거라좋아요.  부인하고 커플로~^^
잘 탈께요~^^"
24.04.13.,,,,4,"첫자전거라좋아요.  남편하고 커플로~^^
잘 탈께요~^^"
24.04.13.,,,,5,깔끔해요 잘산 것 같아요
24.04.12.,남성,181cm,76kg,5,너무 이쁘고 이상없어요~와이프랑 타기 너무 좋아요
24.04.12.,,,,5,어머니 선물로 사드렸는데 아주 마음에 들어하시더라구요
24.04.11.,,,,5,"자전거 너무 괜찮네요~ 생각보다 가벼워서 차에 싣기도 좋고, 접는것도 생각보다 간편하게 잘 접혀요~ 덕분에 주말마다 아이와 함께 잘 타고 있습니다~추천해요~~"
24.04.11.,여성,167cm,59kg,5,"포장상태 좋고, 제품 외관도 괜찮네요.
다만, 타이어 공기주입시 결함이 좀 있었지만, 개인 수리 후, 수리비 청구해서 잘 해결됬네요.
감사합니다."
24.04.11.,여성,143cm,38kg,5,전체적으로 자전거 밸런스는 좋습니다. 안장을 바꾸어야될것 같아요 아이가 많이 불편해 하더라구요 그것말고는 전체적으로 괜찮습니다.
24.04.11.,,173cm,69kg,5,"스크래치 제품인데  티 가거의 안나요~~
맘에 들어여"
24.04.10.,남성,168cm,78kg,5,로드 타는데 접이식 자전거 한대 더 추가용으로 구매 했습니다 보관도 편하고 좋네요 색상도 맘에 듭니다
24.04.10.,,,,4,가볍게 타기 좋아요
24.04.09.,여성,164cm,51kg,5,"10여년 전에 구매했던 티티카카 미니벨로가 있는데, 하나 더 필요해서 이번에는 접이식으로 구매해서 트렁크에 실고 벚꽃 구경 다녀왔어요💛

무게는 좀 더 나가는 듯 한데 부피가 꽤 줄어들어 승용차에도 무리 없을 것 같아요.

색상은 무난한 화이트나 블랙으로 할까 하다가 봄봄한 무광 베이지 골랐는데 맘에 듭니당!"
24.04.09.,,,,3,처음부터 주행할때 브레이크 고무가 바퀴에 닿아요 자알못한테는 비싼편인데 조금은 실망했습니다
24.04.09.,,,,5,자전거 초보라 연습 중이예요. 사이즈는 딱입니다. 다만 안장이 너무 불편해서 커버 꼭 사야겠어요.
24.04.09.,,,,4,배송이 빠르고 좋아요
24.04.08.,,,,5,"접이식을 찾고 있었는데 자전거 동호회에 가입하신 분이 계셔서 추천 해 주셔서 바로 구입했어요 
아주 좋으네요 굿 추천 합니다"
24.04.08.,남성,173cm,75kg,4,"타이어가 펑크나서 오긴 했으나 
그후의 대응은 아주 만족스러웠습니다."
24.04.08.,,,,5,첫 자전거로 구매했어요 너무 귀엽고 좋아요 좀 더타볼게요
24.04.07.,,,,1,한 달 만에 타이어 펑크났어요. 자전거 수리점에서 타이어 안에 튜브가 허술하게 처리되어있었다네요.
24.04.07.,여성,158cm,49kg,5,"빠르고 안전하게 잘 보내주셨어요
감사합니다"
24.04.06.,,,,5,저렴하게 잘 구매한것 같아요. 잘나가고 배송빠릅니다~ 좀 타다가 더 좋은것으로도 구매생각중입니다
24.03.31.,남성,167cm,62kg,5,빠른 배송과 차체에 기스가 나지 않도록 꼼꼼한 포장이 마음에 들었어요. 잘 타겠습니다. 사업 번창하세요.
24.03.31.,,,,5,아주 이쁘고 마음에 쏙 들어요
24.03.30.,남성,172cm,69kg,5,"금요일 주문해서 토요일 12시 배송 받음, 자전거 하얀게 맘에 듭니다."
24.03.29.,,,,5,"딸아이가 색, 디자인이 너무 이쁘다고 좋아 합니다.
완제품 시운전 했는데 아직은 버거워 하는데 몇번 타면 능숙해 질것 같아요."
24.03.29.,,,,4,성인여성 사용으로 구매했는데 생각보다 크고 무거워요 아이들에게는 클것같고 성인남성도 사용가능할거같아요.
24.03.29.,여성,153cm,49kg,5,가격좋고 디자인 예쁘고 나들이 타기 딱 좋아요
24.03.28.,,,,3,"두대 구매했는데 흡집이나 기스는 여전하네요. 
그냥저냥 무난해서 막타는 용도로 괜찮습니다."
24.03.28.,,,,5,맘에 들고 잘 달려요.
24.03.27.,남성,174cm,85kg,5,배송이 빠르고 조립도 쉽고 승차감도 좋아요 운동엔 자전거가 최고입니다
24.03.27.,,,,3,예쁘고 무난하고 좋습니다. 중간중간 흡집이 아닌 패인 상처가 있네요ㅠ
24.03.26.,,,,5,"무게가볍고 좋네요
초1 딸타려고삿는데 핸들 안장 간격이 길어서
타기힘들어하네요 일단 제가타고 나중에태워야겠어요 참고하세요"
24.03.26.,,,,5,저렴하고 좋은 제품입니다.
24.03.25.,,,,5,편리하고 잘나갑니다. 추천해요
24.03.24.,,,,5,초5 여자아이인데 자전거 계속 알아보다가. 큰 바퀴자전거들은 작은 체구가 감당을 잘 못하길래 미니벨로로 알아봤어요. 성인들도 타는 자전거라고 하니 길게 계속 탈 수 있을 것 같아서요. 부드럽게 잘 나간다고 너무 좋아하네요. 자전거 가벼워서 아이가 혼자 잘 관리하고 사용합니다
24.03.24.,,,,5,배송이 빠르고 포장이 꼼꼼히 되어서 그런지 자전거 하자도 없어요! 사은품으로 주신 자물쇠도 튼튼하고 좋네요~ 만족합니다!
24.03.24.,,,,5,아주좋아요 딱맞아요
24.03.23.,,,,5,배송이 빠르고 제품이 가볍내요 아직 초등저학년이 타기에는 거리가 길어요
24.03.23.,남성,,,5,오늘개봉했네요 아이가 좋아합니다!!
24.03.22.,,,,5,만족스러운 자전거!
24.03.21.,,164cm,,1,"선택안함
흙받이조립부품 [볼트1개부족] 너무 어처구니 없습니다 ㅠㅠㅠ 필요없는 남는볼트는 ㅠㅠㅠ 매우 난감한 일"
24.03.21.,,,,3,빠르게 잘 받았습니다
24.03.19.,,,,4,배송은 하루만에 받았어요.  자전거라 접혀와도 박스가 꽤나 큽니다 ㅋㅋㅋ 혼자 언박싱하느라 애를 좀 먹었습니다. 케이블타이들 자르다가 손 베였어요ㅠㅠ 최대한 충격없게 보내주려고 꼼꼼히 포장해주셨더군요! 아직 시승 전인데 아무 문제 없이 잘 나가길 바라요~
24.03.19.,남성,175cm,70kg,4,"이쁘고 사이즈도 적당해요
잘타고 다닐께요"
24.03.19.,,,,5,"초등학교 아이와 같이 타려고 주문했는데
자리 많이 차지하지 않고 너무 좋아요~^^"
24.03.18.,,,,5,좋아요! 가족이랑 타려고 두대 샀는데 잘나가요!
24.03.18.,,,,5,굿! 만족합니다! :)
24.03.17.,여성,155cm,56kg,5,접이식 자전거로 차량을 통한 이동이 좋아요!
24.03.14.,,,,4,"배송빠르고 가성비좋습니다
휠벨런스가 좀 틀어져있습니다"
24.03.12.,,,,5,좋습니다! 배송도 빨라요
24.03.12.,남성,177cm,75kg,5,아직 타기 전이지만 좋아요~
24.03.10.,,,,5,자전거가 가볍고 이쁩니다
24.03.08.,,,,5,이쁘고 편해요 높이가 낮고 접히니까 사용하기 더 좋아요.
24.03.08.,남성,174cm,78kg,5,배송도 빠르고 포장도 조립도 좋습니다. 빨간색 너무 예뻐서 대만족입니다.
24.03.08.,,,,5,학교 다니는용도로 샀어요 버스비 아꺄봅시다!!
24.03.07.,여성,163cm,48kg,5,맘에들어요 배송도 빠르고
24.03.07.,,166cm,68kg,4,서비스로 온 라이트가 불량이라 다시보내준시다고 하시네요~~여자가 타기에 딱좋고 이쁘네요~^^
24.03.07.,,,,5,가볍고 가성비 좋네요
24.03.06.,남성,180cm,76kg,3,"우선 완제품이라는 점이 매우 편했고
같이 딸려온 부품들이 있으나
이 친구들은 뭐고… 어디에 어떻게 조립이 되어야 하는 부품들인지를 알면 좋을 것 같아요"
24.03.06.,여성,165cm,60kg,5,"완제품이라 부피가 클줄 알고 배송 걱정했는데 빠르고 깔끔하게 잘 받았네요.
사이즈도 적당하고 부드럽고 잘 나가네요.
그런데 부속품 전조등은 어떻게 설치 하는거예요?
아무리 해도 완전고정은 안되요."
24.03.06.,,,,5,가볍고 디자인이뻐요
24.03.06.,,,,4,배송도 빠르고 제품 상태도 괜찮아요~ 사이즈도 적당하고 부드럽게 잘 나가네요!
24.03.06.,남성,167cm,70kg,5,출퇴근용으로 잘 타고 다닙니다. 그리고 여행다닐 때도 자주 쓰일 것 같으니 매우 만족합니다.
24.03.06.,여성,165cm,,5,부모님 선물로 아주 좋습니다.
24.03.04.,여성,,,5,잘 타고 다닙니다 슝슝
24.02.29.,남성,172cm,78kg,5,너뮤조아여!!사길잘햇어요 후회없어요
24.02.26.,,,,5,배송도 빠르고 너무 잘 산 것 같습니다!
24.02.26.,남성,173cm,73kg,4,다 좋은데. 승차감이 보통
24.02.25.,,,,5,아주 튼튼하고 잘나갑니다
24.02.23.,,,,3,아들 첫 자전거인데....일단 애가 좋아 하네요
24.02.19.,,,,3,"초코색이 첨엔 촌스럽지 않을까 걱정했는데 받으니 예쁘네요. 
그런데 제가 뽑기 운이 없는 건지 브레이크 케이블 끝이 풀려있고, 받고 자도 두 번 탔는데 두번 다 펑크났네요…
튜브 안쪽이 펑크가 났다는데 벌써 튜브에 쓰인 돈이… 속상하네요."
24.02.19.,여성,160cm,54kg,4,자전거바람이좀 약한듯해요 그것빼고는 좋아요  아~ 자전거바람~^^
24.02.18.,여성,150cm,,5,설연휴가 끼어서 배송이 좀 걸렸지만 잘 도착했어요. 조립도 잘 되었고 두번탔는데 잘 나가네요. 엉덩이는 아파서 쿠션 구매 필수인거같아요.
24.02.18.,,,,5,아이용입니다 아직 잘 못 타지만 자전거 자체의 성능및 기능엔 문제 없습니다 좋은제품 잘 구매했습니다
24.02.17.,,,,5,잘 동작하고 맘에 들어요
24.02.16.,남성,172cm,77kg,3,"제품 자체는 만족합니다만, 완조립 배송임에도 핸들 센터 맞지 않음, 기어 변속 불량, v브레이크 휠 마찰 때문에 한참 동안 디테일 수정을 해야 했습니다. 원래 이런건지 모르겠지만 이럴거면 걍 직접조립하는게 나을 뻔 했네요."
24.02.16.,여성,153cm,49kg,4,"디자인 이쁘고 접이식이라 편리하네요.
추천합니다."
24.02.15.,여성,155cm,56kg,5,빠른 배송과 좋은 품질 만족합니다
24.02.14.,,,,5,"망가짐 없이 아주 잘 타고 다니고 있습니당 ~! 
안장쿠션 추가하시는 거 추천드랴용"
24.02.05.,남성,160cm,62kg,5,로드랑 엠티비만 타다 처음으로 미벨구입했습니다  와이프꺼해서 두대구입해서 가까운 공원으로 소풍다녀왔습니다  마음가볍고 여유있는 라이딩  아~ 이래서 미벨타느구나  ~^^ 행복감 완충~
24.01.31.,남성,172cm,80kg,5,"아직 타진 못했지만 괜찮아 보이네요
마실용  두딸도 잘 타려나^^"
24.01.30.,남성,173cm,87kg,5,자전거는 크기가 작아서 실내 보관하기에 편하네요 아직 불편한 점은 발견하지 못했어요
24.01.28.,,,,4,"완조립했는데 나사가 덜렁거리고 
삼천리 자전거점가서 이것저것 손보고 3만원줌 ᆢ 반조립했으면 이중으로 돈 안나가는건데 ᆢ"
24.01.26.,,,,5,"보관이 용이한 점이 가장 편리한 것 같습니다
안전하게 잘 타고 있어요 추천합니다!"
24.01.23.,,,,5,잘타고 다니며 좋습니다.
24.01.19.,여성,161cm,48kg,5,너무너무좋아요 주행감짱이고 조립도 아주잘해주셨어요!
24.01.18.,여성,164cm,63kg,5,조인트에 불량이 있었지만 잘 처리해 주셔서 아주 잘 타고 있습니다.~ 깔끔하고 이쁘고 가볍습니다. 추천합니다.
24.01.17.,,,,5,사진 보다 실물이 더 좋네요 잘 타겠습니다!
24.01.14.,,,,5,추가구성품 헤드라이트 빼고 모두 괜찮고 잘달림
24.01.11.,,,,5,옛날에 타던 자전거를 어떻게 탔나 싶을 정도로 턱 넘어갈 때 부드럽고 좋아요 가벼워서 엘레베이터 등 위치 조정할 때도 넘 좋아요 감사합니다 ~
24.01.11.,여성,,,5,잘 받았습니다 열심히 탈게요
24.01.08.,여성,140cm,35kg,5,"초4아이에게도 잘 맞습니다
한겨울에도 타고 다닙니다"
